match_id,SetNo,GameNo,PointNumber,is_player_on_serve,ServeNumber,serve_direction,serve_quality,return_type,rally_bucket,rally_phase,key_event,finish_type,finish_shot,macro_pattern,RallyCount,pct_service_points_won,pct_return_points_won,pct_first_serve_points_won,pct_second_serve_points_won,last_n_points_won_5,is_game_point,is_break_point,is_game_point_against,is_point_won,predicted_point_win_probability,pattern_fused_id,pattern_fused_name,tagged_pattern,point_description,next_point_pattern_hint,player_name,opponent_name,tournament,surface,match_type,round,set_score_me,set_score_opp,game_score_me,game_score_opp,point_score_me,point_score_opp,timestamp
"sess_1776326470550_6038","1","1","1","1","2","WIDE","SAFE","DEEP","SHORT","ATTACK_ME","NONE","WINNER","BACKHAND","SHORT_RALLY","2","0.45","0.53","0.38","0.57","0.6","0","0","0","1","0.5694273114204407","1","Serve safe / percentage","Serve WIDE | Return DEEP | Rally ATTACK_ME | Finish WINNER","Punto al servizio, rally count 2, profilo SHORT, momento NEUTRAL, pressione NEUTRAL. Pattern prevalente: Serve safe / percentage. Probabilità stimata: 56.9%.","serve_plus_one_safe","N. Djokovic","C. Alcaraz","Roland Garros Sim","Clay","BO3","SF","0","0","0","0","0","0","2026-04-16T08:01:37.223Z"
"sess_1776326470550_6038","1","1","2","1","1","T","WEAK","","SHORT","ATTACK_ME","NONE","WINNER","SERVE","SERVE_DOMINANT","2","1","0.53","0.38","1","1","0","0","0","1","0.9998537302017212","1","Serve safe / percentage","Serve T | Rally ATTACK_ME | Finish WINNER","Punto al servizio, rally count 2, profilo SHORT, momento HOT, pressione NEUTRAL. Pattern prevalente: Serve safe / percentage. Probabilità stimata: 100.0%.","serve_plus_one_safe","N. Djokovic","C. Alcaraz","Roland Garros Sim","Clay","BO3","SF","0","0","0","0","15","0","2026-04-16T08:01:46.029Z"
"sess_1776326470550_6038","1","1","3","1","2","T","WEAK","ANGLED","SHORT","ATTACK_ME","NONE","UNFORCED_ERROR","BACKHAND","SHORT_RALLY","2","1","0.53","1","1","1","0","0","0","0","0.9999233484268188","3","Serve neutral / mixed","Serve T | Return ANGLED | Rally ATTACK_ME | Finish UNFORCED_ERROR","Punto al servizio, rally count 2, profilo SHORT, momento HOT, pressione NEUTRAL. Pattern prevalente: Serve neutral / mixed. Probabilità stimata: 100.0%.","serve_neutral_build","N. Djokovic","C. Alcaraz","Roland Garros Sim","Clay","BO3","SF","0","0","0","0","30","0","2026-04-16T08:01:52.001Z"
"sess_1776326470550_6038","1","1","4","1","1","WIDE","SAFE","DEEP","SHORT","ATTACK_ME","NET_APPROACH","WINNER","BACKHAND","NET_PLAY","2","0.67","0.53","1","0.5","0.67","0","0","0","1","0.5904624462127686","3","Serve neutral / mixed","Serve WIDE | Return DEEP | Rally ATTACK_ME | Finish WINNER","Punto al servizio, rally count 2, profilo SHORT, momento HOT, pressione NEUTRAL. Pattern prevalente: Serve neutral / mixed. Probabilità stimata: 59.0%.","serve_neutral_build","N. Djokovic","C. Alcaraz","Roland Garros Sim","Clay","BO3","SF","0","0","0","0","30","15","2026-04-16T08:01:57.088Z"
"sess_1776326470550_6038","1","1","5","1","2","WIDE","WEAK","DEEP","SHORT","NEUTRAL","DROP_SHOT","WINNER","BACKHAND","SHORT_RALLY","2","0.75","0.53","1","0.5","0.75","1","0","0","0","0.32602089643478394","3","Serve neutral / mixed","Serve WIDE | Return DEEP | Rally NEUTRAL | Finish WINNER","Punto al servizio, rally count 2, profilo SHORT, momento HOT, pressione GAME_POINT_FOR. Pattern prevalente: Serve neutral / mixed. Probabilità stimata: 32.6%.","serve_neutral_build","N. Djokovic","C. Alcaraz","Roland Garros Sim","Clay","BO3","SF","0","0","0","0","40","15","2026-04-16T08:02:02.924Z"
"sess_1776326470550_6038","1","1","6","1","2","BODY","SAFE","DEEP","LONG","ATTACK_OPP","LINE_CHANGE","WINNER","FOREHAND","LONG_RALLY","10","0.6","0.53","1","0.33","0.6","1","0","0","0","0.4129205346107483","1","Serve safe / percentage","Serve BODY | Return DEEP | Rally ATTACK_OPP | Finish WINNER","Punto al servizio, rally count 10, profilo LONG, momento NEUTRAL, pressione GAME_POINT_FOR. Pattern prevalente: Serve safe / percentage. Probabilità stimata: 41.3%.","serve_plus_one_safe","N. Djokovic","C. Alcaraz","Roland Garros Sim","Clay","BO3","SF","0","0","0","0","40","30","2026-04-16T08:02:08.762Z"
"sess_1776326470550_6038","1","1","7","1","2","T","AGGRESSIVE","CENTRAL","SHORT","NEUTRAL","INSIDE_IN","WINNER","VOLLEY","SHORT_RALLY","2","0.5","0.53","1","0.25","0.4","0","0","0","1","0.03223094344139099","1","Serve safe / percentage","Serve T | Return CENTRAL | Rally NEUTRAL | Finish WINNER","Punto al servizio, rally count 2, profilo SHORT, momento NEUTRAL, pressione NEUTRAL. Pattern prevalente: Serve safe / percentage. Probabilità stimata: 3.2%.","serve_plus_one_safe","N. Djokovic","C. Alcaraz","Roland Garros Sim","Clay","BO3","SF","0","0","0","0","40","40","2026-04-16T08:02:14.601Z"
"sess_1776326470550_6038","1","1","8","1","2","BODY","WEAK","CENTRAL","MEDIUM","ATTACK_ME","LINE_CHANGE","WINNER","FOREHAND","MEDIUM_RALLY","6","0.57","0.53","1","0.4","0.4","1","0","0","0","0.20791257917881012","1","Serve safe / percentage","Serve BODY | Return CENTRAL | Rally ATTACK_ME | Finish WINNER","Punto al servizio, rally count 6, profilo MEDIUM, momento NEUTRAL, pressione GAME_POINT_FOR. Pattern prevalente: Serve safe / percentage. Probabilità stimata: 20.8%.","serve_plus_one_safe","N. Djokovic","C. Alcaraz","Roland Garros Sim","Clay","BO3","SF","0","0","0","0","Ad","40","2026-04-16T08:02:20.290Z"
"sess_1776326470550_6038","1","1","9","1","1","BODY","SAFE","CENTRAL","SHORT","DEFENSE_ME","NET_APPROACH","WINNER","VOLLEY","NET_PLAY","2","0.5","0.53","1","0.33","0.4","0","0","0","1","0.17561966180801392","1","Serve safe / percentage","Serve BODY | Return CENTRAL | Rally DEFENSE_ME | Finish WINNER","Punto al servizio, rally count 2, profilo SHORT, momento NEUTRAL, pressione NEUTRAL. Pattern prevalente: Serve safe / percentage. Probabilità stimata: 17.6%.","serve_plus_one_safe","N. Djokovic","C. Alcaraz","Roland Garros Sim","Clay","BO3","SF","0","0","0","0","40","40","2026-04-16T08:02:25.966Z"
"sess_1776326470550_6038","1","1","10","1","1","T","AGGRESSIVE","CENTRAL","SHORT","NEUTRAL","NET_APPROACH","UNFORCED_ERROR","BACKHAND","NET_PLAY","2","0.56","0.53","1","0.33","0.4","1","0","0","1","0.28388240933418274","1","Serve safe / percentage","Serve T | Return CENTRAL | Rally NEUTRAL | Finish UNFORCED_ERROR","Punto al servizio, rally count 2, profilo SHORT, momento NEUTRAL, pressione GAME_POINT_FOR. Pattern prevalente: Serve safe / percentage. Probabilità stimata: 28.4%.","serve_plus_one_safe","N. Djokovic","C. Alcaraz","Roland Garros Sim","Clay","BO3","SF","0","0","0","0","Ad","40","2026-04-16T08:02:31.905Z"
"sess_1776326470550_6038","1","1","11","0","1","T","AGGRESSIVE","ANGLED","SHORT","NEUTRAL","NONE","WINNER","FOREHAND","AGGRESSIVE_RETURN","2","0.6","0.53","1","0.33","0.6","0","0","0","1","0.6187536120414734","7","Neutral return","Serve T | Return ANGLED | Rally NEUTRAL | Finish WINNER","Punto in risposta, rally count 2, profilo SHORT, momento NEUTRAL, pressione NEUTRAL. Pattern prevalente: Neutral return. Probabilità stimata: 61.9%.","neutral_return_build","N. Djokovic","C. Alcaraz","Roland Garros Sim","Clay","BO3","SF","0","0","1","0","0","0","2026-04-16T08:02:37.332Z"
"sess_1776326470550_6038","1","1","12","0","1","T","SAFE","BLOCKED","MEDIUM","NEUTRAL","INSIDE_OUT","UNFORCED_ERROR","FOREHAND","MEDIUM_RALLY","6","0.6","1","1","0.33","0.8","0","0","0","0","0.9516860246658325","7","Neutral return","Serve T | Return BLOCKED | Rally NEUTRAL | Finish UNFORCED_ERROR","Punto in risposta, rally count 6, profilo MEDIUM, momento HOT, pressione NEUTRAL. Pattern prevalente: Neutral return. Probabilità stimata: 95.2%.","neutral_return_build","N. Djokovic","C. Alcaraz","Roland Garros Sim","Clay","BO3","SF","0","0","1","0","15","0","2026-04-16T08:02:43.293Z"
"sess_1776326470550_6038","1","1","13","0","1","WIDE","SAFE","CENTRAL","MEDIUM","DEFENSE_OPP","NET_APPROACH","UNFORCED_ERROR","VOLLEY","SHORT_BALL_ATTACK","6","0.6","0.5","1","0.33","0.6","0","0","0","1","0.6610261797904968","7","Neutral return","Serve WIDE | Return CENTRAL | Rally DEFENSE_OPP | Finish UNFORCED_ERROR","Punto in risposta, rally count 6, profilo MEDIUM, momento NEUTRAL, pressione NEUTRAL. Pattern prevalente: Neutral return. Probabilità stimata: 66.1%.","neutral_return_build","N. Djokovic","C. Alcaraz","Roland Garros Sim","Clay","BO3","SF","0","0","1","0","15","15","2026-04-16T08:02:49.108Z"
"sess_1776326470550_6038","1","1","14","0","1","BODY","AGGRESSIVE","DEEP","MEDIUM","ATTACK_OPP","NET_APPROACH","UNFORCED_ERROR","FOREHAND","MEDIUM_RALLY","6","0.6","0.67","1","0.33","0.8","0","0","0","0","0.9121262431144714","7","Neutral return","Serve BODY | Return DEEP | Rally ATTACK_OPP | Finish UNFORCED_ERROR","Punto in risposta, rally count 6, profilo MEDIUM, momento HOT, pressione NEUTRAL. Pattern prevalente: Neutral return. Probabilità stimata: 91.2%.","neutral_return_build","N. Djokovic","C. Alcaraz","Roland Garros Sim","Clay","BO3","SF","0","0","1","0","30","15","2026-04-16T08:02:54.740Z"
"sess_1776326470550_6038","1","1","15","0","2","T","AGGRESSIVE","ANGLED","MEDIUM","NEUTRAL","NONE","UNFORCED_ERROR","PASSING","MEDIUM_RALLY","6","0.6","0.5","1","0.33","0.6","0","0","0","0","0.6672059297561646","7","Neutral return","Serve T | Return ANGLED | Rally NEUTRAL | Finish UNFORCED_ERROR","Punto in risposta, rally count 6, profilo MEDIUM, momento NEUTRAL, pressione NEUTRAL. Pattern prevalente: Neutral return. Probabilità stimata: 66.7%.","neutral_return_build","N. Djokovic","C. Alcaraz","Roland Garros Sim","Clay","BO3","SF","0","0","1","0","30","30","2026-04-16T08:03:00.373Z"
"sess_1776326470550_6038","1","1","16","0","1","WIDE","SAFE","CENTRAL","MEDIUM","NEUTRAL","LOB","WINNER","BACKHAND","PASSING_LOB","6","0.6","0.4","1","0.33","0.4","1","0","0","0","0.5048580765724182","7","Neutral return","Serve WIDE | Return CENTRAL | Rally NEUTRAL | Finish WINNER","Punto in risposta, rally count 6, profilo MEDIUM, momento NEUTRAL, pressione GAME_POINT_FOR. Pattern prevalente: Neutral return. Probabilità stimata: 50.5%.","neutral_return_build","N. Djokovic","C. Alcaraz","Roland Garros Sim","Clay","BO3","SF","0","0","1","0","30","40","2026-04-16T08:03:06.209Z"
"sess_1776326470550_6038","1","1","17","1","1","T","SAFE","","SHORT","ATTACK_ME","NONE","UNFORCED_ERROR","SERVE","SERVE_DOMINANT","2","0.6","0.33","1","0.33","0.2","0","0","0","1","0.1495857536792755","1","Serve safe / percentage","Serve T | Rally ATTACK_ME | Finish UNFORCED_ERROR","Punto al servizio, rally count 2, profilo SHORT, momento COLD, pressione NEUTRAL. Pattern prevalente: Serve safe / percentage. Probabilità stimata: 15.0%.","serve_plus_one_safe","N. Djokovic","C. Alcaraz","Roland Garros Sim","Clay","BO3","SF","0","0","1","1","0","0","2026-04-16T08:03:11.637Z"
"sess_1776326470550_6038","1","1","18","1","2","T","SAFE","BLOCKED","MEDIUM","NEUTRAL","DROP_SHOT","UNFORCED_ERROR","BACKHAND","SHORT_BALL_ATTACK","6","0.64","0.33","1","0.33","0.4","0","0","0","1","0.2570669949054718","1","Serve safe / percentage","Serve T | Return BLOCKED | Rally NEUTRAL | Finish UNFORCED_ERROR","Punto al servizio, rally count 6, profilo MEDIUM, momento NEUTRAL, pressione NEUTRAL. Pattern prevalente: Serve safe / percentage. Probabilità stimata: 25.7%.","serve_plus_one_safe","N. Djokovic","C. Alcaraz","Roland Garros Sim","Clay","BO3","SF","0","0","1","1","15","0","2026-04-16T08:03:17.576Z"
"sess_1776326470550_6038","1","1","19","1","2","WIDE","AGGRESSIVE","CENTRAL","SHORT","ATTACK_ME","NET_APPROACH","UNFORCED_ERROR","BACKHAND","SHORT_RALLY","2","0.67","0.33","1","0.43","0.4","0","0","0","1","0.1464867889881134","1","Serve safe / percentage","Serve WIDE | Return CENTRAL | Rally ATTACK_ME | Finish UNFORCED_ERROR","Punto al servizio, rally count 2, profilo SHORT, momento NEUTRAL, pressione NEUTRAL. Pattern prevalente: Serve safe / percentage. Probabilità stimata: 14.6%.","serve_plus_one_safe","N. Djokovic","C. Alcaraz","Roland Garros Sim","Clay","BO3","SF","0","0","1","1","30","0","2026-04-16T08:03:23.200Z"
"sess_1776326470550_6038","1","1","20","1","2","WIDE","WEAK","BLOCKED","MEDIUM","DEFENSE_OPP","LOB","FORCED_ERROR","OTHER","PASSING_LOB","6","0.69","0.33","1","0.5","0.6","1","0","0","1","0.3701092004776001","3","Serve neutral / mixed","Serve WIDE | Return BLOCKED | Rally DEFENSE_OPP | Finish FORCED_ERROR","Punto al servizio, rally count 6, profilo MEDIUM, momento NEUTRAL, pressione GAME_POINT_FOR. Pattern prevalente: Serve neutral / mixed. Probabilità stimata: 37.0%.","serve_neutral_build","N. Djokovic","C. Alcaraz","Roland Garros Sim","Clay","BO3","SF","0","0","1","1","40","0","2026-04-16T08:03:29.147Z"
"sess_1776326470550_6038","1","1","21","0","2","T","WEAK","BLOCKED","LONG","NEUTRAL","NONE","WINNER","FOREHAND","LONG_RALLY","10","0.71","0.33","1","0.56","0.8","0","0","0","0","0.686773955821991","7","Neutral return","Serve T | Return BLOCKED | Rally NEUTRAL | Finish WINNER","Punto in risposta, rally count 10, profilo LONG, momento HOT, pressione NEUTRAL. Pattern prevalente: Neutral return. Probabilità stimata: 68.7%.","neutral_return_build","N. Djokovic","C. Alcaraz","Roland Garros Sim","Clay","BO3","SF","0","0","2","1","0","0","2026-04-16T08:03:34.779Z"
"sess_1776326470550_6038","1","1","22","0","2","T","SAFE","DEEP","LONG","ATTACK_ME","NONE","UNFORCED_ERROR","PASSING","DEFENSE_RECOVERY","10","0.71","0.29","1","0.56","0.8","0","0","0","0","0.587351381778717","6","Safe return","Serve T | Return DEEP | Rally ATTACK_ME | Finish UNFORCED_ERROR","Punto in risposta, rally count 10, profilo LONG, momento HOT, pressione NEUTRAL. Pattern prevalente: Safe return. Probabilità stimata: 58.7%.","return_safe","N. Djokovic","C. Alcaraz","Roland Garros Sim","Clay","BO3","SF","0","0","2","1","0","15","2026-04-16T08:03:41.642Z"
"sess_1776326470550_6038","1","1","23","0","2","WIDE","WEAK","DEEP","LONG","DEFENSE_ME","DROP_SHOT","UNFORCED_ERROR","BACKHAND","LONG_RALLY","10","0.71","0.25","1","0.56","0.6","0","0","0","1","0.2975039780139923","6","Safe return","Serve WIDE | Return DEEP | Rally DEFENSE_ME | Finish UNFORCED_ERROR","Punto in risposta, rally count 10, profilo LONG, momento NEUTRAL, pressione NEUTRAL. Pattern prevalente: Safe return. Probabilità stimata: 29.8%.","return_safe","N. Djokovic","C. Alcaraz","Roland Garros Sim","Clay","BO3","SF","0","0","2","1","0","30","2026-04-16T08:03:47.476Z"
"sess_1776326470550_6038","1","1","24","0","2","WIDE","WEAK","CENTRAL","MEDIUM","ATTACK_OPP","NET_APPROACH","UNFORCED_ERROR","BACKHAND","MEDIUM_RALLY","6","0.71","0.33","1","0.56","0.6","0","0","0","0","0.6047408580780029","7","Neutral return","Serve WIDE | Return CENTRAL | Rally ATTACK_OPP | Finish UNFORCED_ERROR","Punto in risposta, rally count 6, profilo MEDIUM, momento NEUTRAL, pressione NEUTRAL. Pattern prevalente: Neutral return. Probabilità stimata: 60.5%.","neutral_return_build","N. Djokovic","C. Alcaraz","Roland Garros Sim","Clay","BO3","SF","0","0","2","1","15","30","2026-04-16T08:03:53.211Z"
"sess_1776326470550_6038","1","1","25","0","1","WIDE","AGGRESSIVE","DEEP","LONG","DEFENSE_ME","LOB","FORCED_ERROR","OTHER","LONG_RALLY","10","0.71","0.3","1","0.56","0.4","1","0","0","1","0.3306700885295868","6","Safe return","Serve WIDE | Return DEEP | Rally DEFENSE_ME | Finish FORCED_ERROR","Punto in risposta, rally count 10, profilo LONG, momento NEUTRAL, pressione GAME_POINT_FOR. Pattern prevalente: Safe return. Probabilità stimata: 33.1%.","return_safe","N. Djokovic","C. Alcaraz","Roland Garros Sim","Clay","BO3","SF","0","0","2","1","15","40","2026-04-16T08:03:58.946Z"
"sess_1776326470550_6038","1","1","26","0","2","WIDE","WEAK","ANGLED","MEDIUM","ATTACK_ME","NONE","WINNER","VOLLEY","SHORT_BALL_ATTACK","6","0.71","0.36","1","0.56","0.4","1","0","0","0","0.4934094548225403","7","Neutral return","Serve WIDE | Return ANGLED | Rally ATTACK_ME | Finish WINNER","Punto in risposta, rally count 6, profilo MEDIUM, momento NEUTRAL, pressione GAME_POINT_FOR. Pattern prevalente: Neutral return. Probabilità stimata: 49.3%.","neutral_return_build","N. Djokovic","C. Alcaraz","Roland Garros Sim","Clay","BO3","SF","0","0","2","1","30","40","2026-04-16T08:04:04.680Z"
"sess_1776326470550_6038","1","1","27","1","1","T","AGGRESSIVE","CENTRAL","SHORT","ATTACK_ME","NONE","WINNER","VOLLEY","SHORT_RALLY","2","0.71","0.33","1","0.56","0.4","0","0","0","0","0.5654431581497192","3","Serve neutral / mixed","Serve T | Return CENTRAL | Rally ATTACK_ME | Finish WINNER","Punto al servizio, rally count 2, profilo SHORT, momento NEUTRAL, pressione NEUTRAL. Pattern prevalente: Serve neutral / mixed. Probabilità stimata: 56.5%.","serve_neutral_build","N. Djokovic","C. Alcaraz","Roland Garros Sim","Clay","BO3","SF","0","0","2","2","0","0","2026-04-16T08:04:10.211Z"
"sess_1776326470550_6038","1","1","28","1","2","T","SAFE","DEEP","LONG","NEUTRAL","LINE_CHANGE","UNFORCED_ERROR","BACKHAND","DEFENSE_RECOVERY","10","0.67","0.33","0.83","0.56","0.4","0","0","0","0","0.5306174755096436","3","Serve neutral / mixed","Serve T | Return DEEP | Rally NEUTRAL | Finish UNFORCED_ERROR","Punto al servizio, rally count 10, profilo LONG, momento NEUTRAL, pressione NEUTRAL. Pattern prevalente: Serve neutral / mixed. Probabilità stimata: 53.1%.","serve_neutral_build","N. Djokovic","C. Alcaraz","Roland Garros Sim","Clay","BO3","SF","0","0","2","2","0","15","2026-04-16T08:04:16.149Z"
"sess_1776326470550_6038","1","1","29","1","2","BODY","WEAK","","SHORT","DEFENSE_ME","NONE","UNFORCED_ERROR","FOREHAND","SHORT_RALLY","2","0.63","0.33","0.83","0.5","0.2","0","0","0","0","0.047540437430143356","1","Serve safe / percentage","Serve BODY | Rally DEFENSE_ME | Finish UNFORCED_ERROR","Punto al servizio, rally count 2, profilo SHORT, momento COLD, pressione NEUTRAL. Pattern prevalente: Serve safe / percentage. Probabilità stimata: 4.8%.","serve_plus_one_safe","N. Djokovic","C. Alcaraz","Roland Garros Sim","Clay","BO3","SF","0","0","2","2","0","30","2026-04-16T08:04:23.215Z"
"sess_1776326470550_6038","1","1","30","1","2","WIDE","WEAK","DEEP","LONG","DEFENSE_ME","NONE","UNFORCED_ERROR","FOREHAND","LONG_RALLY","10","0.59","0.33","0.83","0.45","0.2","0","1","1","0","0.3180704712867737","1","Serve safe / percentage","Serve WIDE | Return DEEP | Rally DEFENSE_ME | Finish UNFORCED_ERROR","Punto al servizio, rally count 10, profilo LONG, momento COLD, pressione GAME_POINT_AGAINST. Pattern prevalente: Serve safe / percentage. Probabilità stimata: 31.8%.","serve_plus_one_safe","N. Djokovic","C. Alcaraz","Roland Garros Sim","Clay","BO3","SF","0","0","2","2","0","40","2026-04-16T08:04:28.949Z"
"sess_1776326470550_6038","1","1","31","0","2","WIDE","WEAK","CENTRAL","LONG","NEUTRAL","LINE_CHANGE","UNFORCED_ERROR","FOREHAND","LONG_RALLY","10","0.56","0.33","0.83","0.42","0","0","0","0","1","0.00009116427827393636","6","Safe return","Serve WIDE | Return CENTRAL | Rally NEUTRAL | Finish UNFORCED_ERROR","Punto in risposta, rally count 10, profilo LONG, momento COLD, pressione NEUTRAL. Pattern prevalente: Safe return. Probabilità stimata: 0.0%.","return_safe","N. Djokovic","C. Alcaraz","Roland Garros Sim","Clay","BO3","SF","0","0","2","3","0","0","2026-04-16T08:04:34.684Z"
"sess_1776326470550_6038","1","1","32","0","2","BODY","AGGRESSIVE","BLOCKED","LONG","DEFENSE_ME","INSIDE_IN","UNFORCED_ERROR","VOLLEY","LONG_RALLY","10","0.56","0.38","0.83","0.42","0.2","0","0","0","0","0.04665447399020195","6","Safe return","Serve BODY | Return BLOCKED | Rally DEFENSE_ME | Finish UNFORCED_ERROR","Punto in risposta, rally count 10, profilo LONG, momento COLD, pressione NEUTRAL. Pattern prevalente: Safe return. Probabilità stimata: 4.7%.","return_safe","N. Djokovic","C. Alcaraz","Roland Garros Sim","Clay","BO3","SF","0","0","2","3","15","0","2026-04-16T08:04:40.418Z"
"sess_1776326470550_6038","1","1","33","0","1","WIDE","AGGRESSIVE","AGGRESSIVE","LONG","ATTACK_ME","LINE_CHANGE","FORCED_ERROR","OTHER","LONG_RALLY","10","0.56","0.36","0.83","0.42","0.2","0","0","0","0","0.04029610753059387","6","Safe return","Serve WIDE | Return AGGRESSIVE | Rally ATTACK_ME | Finish FORCED_ERROR","Punto in risposta, rally count 10, profilo LONG, momento COLD, pressione NEUTRAL. Pattern prevalente: Safe return. Probabilità stimata: 4.0%.","return_safe","N. Djokovic","C. Alcaraz","Roland Garros Sim","Clay","BO3","SF","0","0","2","3","15","15","2026-04-16T08:04:46.255Z"
"sess_1776326470550_6038","1","1","34","0","1","BODY","SAFE","DEEP","SHORT","DEFENSE_ME","INSIDE_OUT","UNFORCED_ERROR","FOREHAND","SHORT_RALLY","2","0.56","0.33","0.83","0.42","0.2","0","0","0","1","0.11099907755851746","6","Safe return","Serve BODY | Return DEEP | Rally DEFENSE_ME | Finish UNFORCED_ERROR","Punto in risposta, rally count 2, profilo SHORT, momento COLD, pressione NEUTRAL. Pattern prevalente: Safe return. Probabilità stimata: 11.1%.","return_safe","N. Djokovic","C. Alcaraz","Roland Garros Sim","Clay","BO3","SF","0","0","2","3","15","30","2026-04-16T08:04:52.194Z"
"sess_1776326470550_6038","1","1","35","0","2","T","WEAK","ANGLED","LONG","ATTACK_ME","LOB","WINNER","FOREHAND","LONG_RALLY","10","0.56","0.38","0.83","0.42","0.4","0","0","0","1","0.26287615299224854","7","Neutral return","Serve T | Return ANGLED | Rally ATTACK_ME | Finish WINNER","Punto in risposta, rally count 10, profilo LONG, momento NEUTRAL, pressione NEUTRAL. Pattern prevalente: Neutral return. Probabilità stimata: 26.3%.","neutral_return_build","N. Djokovic","C. Alcaraz","Roland Garros Sim","Clay","BO3","SF","0","0","2","3","30","30","2026-04-16T08:04:57.929Z"
"sess_1776326470550_6038","1","1","36","0","2","WIDE","WEAK","BLOCKED","LONG","NEUTRAL","DROP_SHOT","WINNER","BACKHAND","LONG_RALLY","10","0.56","0.41","0.83","0.42","0.6","0","1","1","0","0.5627173185348511","5","Aggressive return","Serve WIDE | Return BLOCKED | Rally NEUTRAL | Finish WINNER","Punto in risposta, rally count 10, profilo LONG, momento NEUTRAL, pressione GAME_POINT_AGAINST. Pattern prevalente: Aggressive return. Probabilità stimata: 56.3%.","return_pressure","N. Djokovic","C. Alcaraz","Roland Garros Sim","Clay","BO3","SF","0","0","2","3","40","30","2026-04-16T08:05:03.765Z"
"sess_1776326470550_6038","1","1","37","0","2","T","WEAK","DEEP","SHORT","ATTACK_ME","INSIDE_IN","WINNER","BACKHAND","SHORT_RALLY","2","0.56","0.39","0.83","0.42","0.4","0","0","0","0","0.626930832862854","7","Neutral return","Serve T | Return DEEP | Rally ATTACK_ME | Finish WINNER","Punto in risposta, rally count 2, profilo SHORT, momento NEUTRAL, pressione NEUTRAL. Pattern prevalente: Neutral return. Probabilità stimata: 62.7%.","neutral_return_build","N. Djokovic","C. Alcaraz","Roland Garros Sim","Clay","BO3","SF","0","0","2","3","40","40","2026-04-16T08:05:09.585Z"
"sess_1776326470550_6038","1","1","38","0","2","WIDE","SAFE","AGGRESSIVE","SHORT","ATTACK_ME","NONE","WINNER","FOREHAND","AGGRESSIVE_RETURN","2","0.56","0.37","0.83","0.42","0.4","1","0","0","1","0.6033176183700562","7","Neutral return","Serve WIDE | Return AGGRESSIVE | Rally ATTACK_ME | Finish WINNER","Punto in risposta, rally count 2, profilo SHORT, momento NEUTRAL, pressione GAME_POINT_FOR. Pattern prevalente: Neutral return. Probabilità stimata: 60.3%.","neutral_return_build","N. Djokovic","C. Alcaraz","Roland Garros Sim","Clay","BO3","SF","0","0","2","3","40","Ad","2026-04-16T08:05:15.337Z"
"sess_1776326470550_6038","1","1","39","0","2","T","SAFE","AGGRESSIVE","LONG","NEUTRAL","INSIDE_IN","UNFORCED_ERROR","BACKHAND","LONG_RALLY","10","0.56","0.4","0.83","0.42","0.6","0","0","0","0","0.33941879868507385","7","Neutral return","Serve T | Return AGGRESSIVE | Rally NEUTRAL | Finish UNFORCED_ERROR","Punto in risposta, rally count 10, profilo LONG, momento NEUTRAL, pressione NEUTRAL. Pattern prevalente: Neutral return. Probabilità stimata: 33.9%.","neutral_return_build","N. Djokovic","C. Alcaraz","Roland Garros Sim","Clay","BO3","SF","0","0","2","3","40","40","2026-04-16T08:05:21.174Z"
"sess_1776326470550_6038","1","1","40","0","1","T","WEAK","SHORT","SHORT","NEUTRAL","INSIDE_OUT","WINNER","FOREHAND","SHORT_RALLY","2","0.56","0.38","0.83","0.42","0.4","1","0","0","0","0.6143664717674255","7","Neutral return","Serve T | Return SHORT | Rally NEUTRAL | Finish WINNER","Punto in risposta, rally count 2, profilo SHORT, momento NEUTRAL, pressione GAME_POINT_FOR. Pattern prevalente: Neutral return. Probabilità stimata: 61.4%.","neutral_return_build","N. Djokovic","C. Alcaraz","Roland Garros Sim","Clay","BO3","SF","0","0","2","3","40","Ad","2026-04-16T08:05:26.908Z"
"sess_1776326470550_6038","1","1","41","1","2","BODY","SAFE","CENTRAL","SHORT","NEUTRAL","NONE","UNFORCED_ERROR","VOLLEY","SHORT_RALLY","2","0.56","0.36","0.83","0.42","0.2","0","0","0","1","0.03519044071435928","1","Serve safe / percentage","Serve BODY | Return CENTRAL | Rally NEUTRAL | Finish UNFORCED_ERROR","Punto al servizio, rally count 2, profilo SHORT, momento COLD, pressione NEUTRAL. Pattern prevalente: Serve safe / percentage. Probabilità stimata: 3.5%.","serve_plus_one_safe","N. Djokovic","C. Alcaraz","Roland Garros Sim","Clay","BO3","SF","0","0","2","4","0","0","2026-04-16T08:05:32.386Z"
"sess_1776326470550_6038","1","1","42","1","2","WIDE","SAFE","DEEP","SHORT","DEFENSE_ME","DROP_SHOT","WINNER","FOREHAND","SHORT_RALLY","2","0.58","0.36","0.83","0.46","0.4","0","0","0","1","0.14002059400081635","3","Serve neutral / mixed","Serve WIDE | Return DEEP | Rally DEFENSE_ME | Finish WINNER","Punto al servizio, rally count 2, profilo SHORT, momento NEUTRAL, pressione NEUTRAL. Pattern prevalente: Serve neutral / mixed. Probabilità stimata: 14.0%.","serve_neutral_build","N. Djokovic","C. Alcaraz","Roland Garros Sim","Clay","BO3","SF","0","0","2","4","15","0","2026-04-16T08:05:38.380Z"
"sess_1776326470550_6038","1","1","43","1","1","T","SAFE","ANGLED","MEDIUM","ATTACK_ME","DROP_SHOT","WINNER","BACKHAND","SHORT_BALL_ATTACK","6","0.6","0.36","0.83","0.5","0.6","0","0","0","1","0.5281181931495667","3","Serve neutral / mixed","Serve T | Return ANGLED | Rally ATTACK_ME | Finish WINNER","Punto al servizio, rally count 6, profilo MEDIUM, momento NEUTRAL, pressione NEUTRAL. Pattern prevalente: Serve neutral / mixed. Probabilità stimata: 52.8%.","serve_neutral_build","N. Djokovic","C. Alcaraz","Roland Garros Sim","Clay","BO3","SF","0","0","2","4","30","0","2026-04-16T08:05:44.112Z"
"sess_1776326470550_6038","1","1","44","1","1","T","AGGRESSIVE","CENTRAL","SHORT","NEUTRAL","NONE","WINNER","FOREHAND","SHORT_RALLY","2","0.62","0.36","0.86","0.5","0.6","1","0","0","0","0.2498754858970642","3","Serve neutral / mixed","Serve T | Return CENTRAL | Rally NEUTRAL | Finish WINNER","Punto al servizio, rally count 2, profilo SHORT, momento NEUTRAL, pressione GAME_POINT_FOR. Pattern prevalente: Serve neutral / mixed. Probabilità stimata: 25.0%.","serve_neutral_build","N. Djokovic","C. Alcaraz","Roland Garros Sim","Clay","BO3","SF","0","0","2","4","40","0","2026-04-16T08:05:49.695Z"
"sess_1776326470550_6038","1","1","45","1","1","BODY","SAFE","DEEP","SHORT","NEUTRAL","NONE","FORCED_ERROR","FOREHAND","SHORT_RALLY","2","0.59","0.36","0.75","0.5","0.6","1","0","0","0","0.1924530267715454","3","Serve neutral / mixed","Serve BODY | Return DEEP | Rally NEUTRAL | Finish FORCED_ERROR","Punto al servizio, rally count 2, profilo SHORT, momento NEUTRAL, pressione GAME_POINT_FOR. Pattern prevalente: Serve neutral / mixed. Probabilità stimata: 19.2%.","serve_neutral_build","N. Djokovic","C. Alcaraz","Roland Garros Sim","Clay","BO3","SF","0","0","2","4","40","15","2026-04-16T08:05:55.274Z"
"sess_1776326470550_6038","1","1","46","1","1","T","SAFE","CENTRAL","MEDIUM","ATTACK_OPP","NET_APPROACH","UNFORCED_ERROR","BACKHAND","MEDIUM_RALLY","6","0.57","0.36","0.67","0.5","0.6","1","0","0","0","0.48824048042297363","3","Serve neutral / mixed","Serve T | Return CENTRAL | Rally ATTACK_OPP | Finish UNFORCED_ERROR","Punto al servizio, rally count 6, profilo MEDIUM, momento NEUTRAL, pressione GAME_POINT_FOR. Pattern prevalente: Serve neutral / mixed. Probabilità stimata: 48.8%.","serve_neutral_build","N. Djokovic","C. Alcaraz","Roland Garros Sim","Clay","BO3","SF","0","0","2","4","40","30","2026-04-16T08:06:01.105Z"
"sess_1776326470550_6038","1","1","47","1","2","BODY","SAFE","BLOCKED","SHORT","NEUTRAL","NONE","UNFORCED_ERROR","OTHER","SHORT_RALLY","2","0.54","0.36","0.6","0.5","0.4","0","0","0","1","0.15287305414676666","3","Serve neutral / mixed","Serve BODY | Return BLOCKED | Rally NEUTRAL | Finish UNFORCED_ERROR","Punto al servizio, rally count 2, profilo SHORT, momento NEUTRAL, pressione NEUTRAL. Pattern prevalente: Serve neutral / mixed. Probabilità stimata: 15.3%.","serve_neutral_build","N. Djokovic","C. Alcaraz","Roland Garros Sim","Clay","BO3","SF","0","0","2","4","40","40","2026-04-16T08:06:06.743Z"
"sess_1776326470550_6038","1","1","48","1","1","BODY","AGGRESSIVE","CENTRAL","MEDIUM","NEUTRAL","NET_APPROACH","WINNER","OTHER","MEDIUM_RALLY","6","0.56","0.36","0.6","0.53","0.4","1","0","0","1","0.34746894240379333","3","Serve neutral / mixed","Serve BODY | Return CENTRAL | Rally NEUTRAL | Finish WINNER","Punto al servizio, rally count 6, profilo MEDIUM, momento NEUTRAL, pressione GAME_POINT_FOR. Pattern prevalente: Serve neutral / mixed. Probabilità stimata: 34.7%.","serve_neutral_build","N. Djokovic","C. Alcaraz","Roland Garros Sim","Clay","BO3","SF","0","0","2","4","Ad","40","2026-04-16T08:06:13.091Z"
"sess_1776326470550_6038","1","1","49","0","1","T","WEAK","CENTRAL","LONG","ATTACK_OPP","NONE","UNFORCED_ERROR","BACKHAND","DEFENSE_RECOVERY","10","0.58","0.36","0.64","0.53","0.4","0","0","0","0","0.2588241696357727","7","Neutral return","Serve T | Return CENTRAL | Rally ATTACK_OPP | Finish UNFORCED_ERROR","Punto in risposta, rally count 10, profilo LONG, momento NEUTRAL, pressione NEUTRAL. Pattern prevalente: Neutral return. Probabilità stimata: 25.9%.","neutral_return_build","N. Djokovic","C. Alcaraz","Roland Garros Sim","Clay","BO3","SF","0","0","3","4","0","0","2026-04-16T08:06:18.108Z"
"sess_1776326470550_6038","1","1","50","0","1","WIDE","WEAK","SHORT","LONG","NEUTRAL","NET_APPROACH","UNFORCED_ERROR","FOREHAND","LONG_RALLY","10","0.58","0.35","0.64","0.53","0.4","0","0","0","0","0.24816784262657166","7","Neutral return","Serve WIDE | Return SHORT | Rally NEUTRAL | Finish UNFORCED_ERROR","Punto in risposta, rally count 10, profilo LONG, momento NEUTRAL, pressione NEUTRAL. Pattern prevalente: Neutral return. Probabilità stimata: 24.8%.","neutral_return_build","N. Djokovic","C. Alcaraz","Roland Garros Sim","Clay","BO3","SF","0","0","3","4","0","15","2026-04-16T08:06:24.048Z"
"sess_1776326470550_6038","1","1","51","0","1","T","WEAK","DEEP","SHORT","ATTACK_ME","NONE","UNFORCED_ERROR","FOREHAND","SHORT_RALLY","2","0.58","0.33","0.64","0.53","0.4","0","0","0","0","0.5937653183937073","7","Neutral return","Serve T | Return DEEP | Rally ATTACK_ME | Finish UNFORCED_ERROR","Punto in risposta, rally count 2, profilo SHORT, momento NEUTRAL, pressione NEUTRAL. Pattern prevalente: Neutral return. Probabilità stimata: 59.4%.","neutral_return_build","N. Djokovic","C. Alcaraz","Roland Garros Sim","Clay","BO3","SF","0","0","3","4","0","30","2026-04-16T08:06:29.681Z"
"sess_1776326470550_6038","1","1","52","0","1","WIDE","WEAK","BLOCKED","SHORT","ATTACK_ME","DROP_SHOT","WINNER","OTHER","SHORT_RALLY","2","0.58","0.32","0.64","0.53","0.4","1","0","0","0","0.5796415209770203","7","Neutral return","Serve WIDE | Return BLOCKED | Rally ATTACK_ME | Finish WINNER","Punto in risposta, rally count 2, profilo SHORT, momento NEUTRAL, pressione GAME_POINT_FOR. Pattern prevalente: Neutral return. Probabilità stimata: 58.0%.","neutral_return_build","N. Djokovic","C. Alcaraz","Roland Garros Sim","Clay","BO3","SF","0","0","3","4","0","40","2026-04-16T08:06:35.415Z"
"sess_1776326470550_6038","1","1","53","1","1","WIDE","WEAK","DEEP","SHORT","ATTACK_ME","NET_APPROACH","UNFORCED_ERROR","SMASH","NET_PLAY","2","0.58","0.31","0.64","0.53","0.2","0","0","0","1","0.06669218093156815","1","Serve safe / percentage","Serve WIDE | Return DEEP | Rally ATTACK_ME | Finish UNFORCED_ERROR","Punto al servizio, rally count 2, profilo SHORT, momento COLD, pressione NEUTRAL. Pattern prevalente: Serve safe / percentage. Probabilità stimata: 6.7%.","serve_plus_one_safe","N. Djokovic","C. Alcaraz","Roland Garros Sim","Clay","BO3","SF","0","0","3","5","0","0","2026-04-16T08:06:42.378Z"
"sess_1776326470550_6038","1","1","54","1","1","WIDE","AGGRESSIVE","AGGRESSIVE","LONG","DEFENSE_OPP","INSIDE_OUT","UNFORCED_ERROR","PASSING","LONG_RALLY","10","0.59","0.31","0.67","0.53","0.2","0","0","0","0","0.16331136226654053","1","Serve safe / percentage","Serve WIDE | Return AGGRESSIVE | Rally DEFENSE_OPP | Finish UNFORCED_ERROR","Punto al servizio, rally count 10, profilo LONG, momento COLD, pressione NEUTRAL. Pattern prevalente: Serve safe / percentage. Probabilità stimata: 16.3%.","serve_plus_one_safe","N. Djokovic","C. Alcaraz","Roland Garros Sim","Clay","BO3","SF","0","0","3","5","15","0","2026-04-16T08:06:48.113Z"
"sess_1776326470550_6038","1","1","55","1","1","WIDE","AGGRESSIVE","CENTRAL","MEDIUM","ATTACK_ME","NONE","FORCED_ERROR","FOREHAND","MEDIUM_RALLY","6","0.57","0.31","0.62","0.53","0.2","0","0","0","1","0.08725693076848984","1","Serve safe / percentage","Serve WIDE | Return CENTRAL | Rally ATTACK_ME | Finish FORCED_ERROR","Punto al servizio, rally count 6, profilo MEDIUM, momento COLD, pressione NEUTRAL. Pattern prevalente: Serve safe / percentage. Probabilità stimata: 8.7%.","serve_plus_one_safe","N. Djokovic","C. Alcaraz","Roland Garros Sim","Clay","BO3","SF","0","0","3","5","15","15","2026-04-16T08:06:53.745Z"
"sess_1776326470550_6038","1","1","56","1","1","BODY","WEAK","SHORT","SHORT","ATTACK_OPP","NONE","UNFORCED_ERROR","BACKHAND","SHORT_RALLY","2","0.59","0.31","0.64","0.53","0.4","0","0","0","0","0.23954910039901733","3","Serve neutral / mixed","Serve BODY | Return SHORT | Rally ATTACK_OPP | Finish UNFORCED_ERROR","Punto al servizio, rally count 2, profilo SHORT, momento NEUTRAL, pressione NEUTRAL. Pattern prevalente: Serve neutral / mixed. Probabilità stimata: 24.0%.","serve_neutral_build","N. Djokovic","C. Alcaraz","Roland Garros Sim","Clay","BO3","SF","0","0","3","5","30","15","2026-04-16T08:06:59.377Z"
"sess_1776326470550_6038","1","1","57","1","1","BODY","AGGRESSIVE","CENTRAL","MEDIUM","ATTACK_ME","NET_APPROACH","FORCED_ERROR","FOREHAND","MEDIUM_RALLY","6","0.57","0.31","0.6","0.53","0.4","0","0","0","0","0.37254512310028076","3","Serve neutral / mixed","Serve BODY | Return CENTRAL | Rally ATTACK_ME | Finish FORCED_ERROR","Punto al servizio, rally count 6, profilo MEDIUM, momento NEUTRAL, pressione NEUTRAL. Pattern prevalente: Serve neutral / mixed. Probabilità stimata: 37.3%.","serve_neutral_build","N. Djokovic","C. Alcaraz","Roland Garros Sim","Clay","BO3","SF","0","0","3","5","30","30","2026-04-16T08:07:05.111Z"
"sess_1776326470550_6038","1","1","58","1","1","BODY","WEAK","CENTRAL","MEDIUM","NEUTRAL","LINE_CHANGE","FORCED_ERROR","BACKHAND","MEDIUM_RALLY","6","0.55","0.31","0.56","0.53","0.4","0","1","1","0","0.6392006874084473","1","Serve safe / percentage","Serve BODY | Return CENTRAL | Rally NEUTRAL | Finish FORCED_ERROR","Punto al servizio, rally count 6, profilo MEDIUM, momento NEUTRAL, pressione GAME_POINT_AGAINST. Pattern prevalente: Serve safe / percentage. Probabilità stimata: 63.9%.","serve_plus_one_safe","N. Djokovic","C. Alcaraz","Roland Garros Sim","Clay","BO3","SF","0","0","3","5","30","40","2026-04-16T08:07:11.051Z"
"sess_1776326470550_6038","1","1","59","1","1","T","AGGRESSIVE","","SHORT","ATTACK_ME","NONE","FORCED_ERROR","BACKHAND","SERVE_DOMINANT","2","0.53","0.31","0.53","0.53","0.2","0","0","0","1","0.05723974481225014","1","Serve safe / percentage","Serve T | Rally ATTACK_ME | Finish FORCED_ERROR","Punto al servizio, rally count 2, profilo SHORT, momento COLD, pressione NEUTRAL. Pattern prevalente: Serve safe / percentage. Probabilità stimata: 5.7%.","serve_plus_one_safe","N. Djokovic","C. Alcaraz","Roland Garros Sim","Clay","BO3","SF","0","1","0","0","0","0","2026-04-16T08:07:16.295Z"
"sess_1776326470550_6038","1","1","60","1","1","BODY","AGGRESSIVE","CENTRAL","MEDIUM","ATTACK_OPP","LOB","WINNER","FOREHAND","PASSING_LOB","6","0.55","0.31","0.56","0.53","0.4","0","0","0","1","0.3615546226501465","1","Serve safe / percentage","Serve BODY | Return CENTRAL | Rally ATTACK_OPP | Finish WINNER","Punto al servizio, rally count 6, profilo MEDIUM, momento NEUTRAL, pressione NEUTRAL. Pattern prevalente: Serve safe / percentage. Probabilità stimata: 36.2%.","serve_plus_one_safe","N. Djokovic","C. Alcaraz","Roland Garros Sim","Clay","BO3","SF","0","1","0","0","15","0","2026-04-16T08:07:22.212Z"
"sess_1776326470550_6038","1","1","61","1","1","T","SAFE","CENTRAL","SHORT","ATTACK_ME","INSIDE_IN","UNFORCED_ERROR","FOREHAND","SHORT_RALLY","2","0.56","0.31","0.58","0.53","0.4","0","0","0","0","0.21599802374839783","1","Serve safe / percentage","Serve T | Return CENTRAL | Rally ATTACK_ME | Finish UNFORCED_ERROR","Punto al servizio, rally count 2, profilo SHORT, momento NEUTRAL, pressione NEUTRAL. Pattern prevalente: Serve safe / percentage. Probabilità stimata: 21.6%.","serve_plus_one_safe","N. Djokovic","C. Alcaraz","Roland Garros Sim","Clay","BO3","SF","0","1","0","0","30","0","2026-04-16T08:07:28.049Z"
"sess_1776326470550_6038","1","1","62","1","2","BODY","WEAK","CENTRAL","MEDIUM","ATTACK_ME","DROP_SHOT","UNFORCED_ERROR","FOREHAND","MEDIUM_RALLY","6","0.54","0.31","0.55","0.53","0.4","0","0","0","1","0.382904976606369","1","Serve safe / percentage","Serve BODY | Return CENTRAL | Rally ATTACK_ME | Finish UNFORCED_ERROR","Punto al servizio, rally count 6, profilo MEDIUM, momento NEUTRAL, pressione NEUTRAL. Pattern prevalente: Serve safe / percentage. Probabilità stimata: 38.3%.","serve_plus_one_safe","N. Djokovic","C. Alcaraz","Roland Garros Sim","Clay","BO3","SF","0","1","0","0","30","15","2026-04-16T08:07:34.296Z"
"sess_1776326470550_6038","1","1","63","1","1","BODY","SAFE","CENTRAL","MEDIUM","ATTACK_ME","NONE","FORCED_ERROR","VOLLEY","SHORT_BALL_ATTACK","6","0.56","0.31","0.55","0.56","0.6","1","0","0","1","0.5220208764076233","1","Serve safe / percentage","Serve BODY | Return CENTRAL | Rally ATTACK_ME | Finish FORCED_ERROR","Punto al servizio, rally count 6, profilo MEDIUM, momento NEUTRAL, pressione GAME_POINT_FOR. Pattern prevalente: Serve safe / percentage. Probabilità stimata: 52.2%.","serve_plus_one_safe","N. Djokovic","C. Alcaraz","Roland Garros Sim","Clay","BO3","SF","0","1","0","0","40","15","2026-04-16T08:07:39.518Z"
"sess_1776326470550_6038","1","1","64","0","1","T","WEAK","DEEP","LONG","DEFENSE_ME","NONE","UNFORCED_ERROR","FOREHAND","LONG_RALLY","10","0.57","0.31","0.57","0.56","0.8","0","0","0","0","0.5725153088569641","7","Neutral return","Serve T | Return DEEP | Rally DEFENSE_ME | Finish UNFORCED_ERROR","Punto in risposta, rally count 10, profilo LONG, momento HOT, pressione NEUTRAL. Pattern prevalente: Neutral return. Probabilità stimata: 57.3%.","neutral_return_build","N. Djokovic","C. Alcaraz","Roland Garros Sim","Clay","BO3","SF","0","1","1","0","0","0","2026-04-16T08:07:45.085Z"
"sess_1776326470550_6038","1","1","65","0","2","BODY","WEAK","AGGRESSIVE","LONG","NEUTRAL","NONE","FORCED_ERROR","FOREHAND","LONG_RALLY","10","0.57","0.3","0.57","0.56","0.6","0","0","0","0","0.3024810552597046","7","Neutral return","Serve BODY | Return AGGRESSIVE | Rally NEUTRAL | Finish FORCED_ERROR","Punto in risposta, rally count 10, profilo LONG, momento NEUTRAL, pressione NEUTRAL. Pattern prevalente: Neutral return. Probabilità stimata: 30.2%.","neutral_return_build","N. Djokovic","C. Alcaraz","Roland Garros Sim","Clay","BO3","SF","0","1","1","0","0","15","2026-04-16T08:07:50.885Z"
"sess_1776326470550_6038","1","1","66","0","1","WIDE","SAFE","CENTRAL","MEDIUM","NEUTRAL","NONE","FORCED_ERROR","FOREHAND","MEDIUM_RALLY","6","0.57","0.29","0.57","0.56","0.4","0","0","0","1","0.37219831347465515","6","Safe return","Serve WIDE | Return CENTRAL | Rally NEUTRAL | Finish FORCED_ERROR","Punto in risposta, rally count 6, profilo MEDIUM, momento NEUTRAL, pressione NEUTRAL. Pattern prevalente: Safe return. Probabilità stimata: 37.2%.","return_safe","N. Djokovic","C. Alcaraz","Roland Garros Sim","Clay","BO3","SF","0","1","1","0","0","30","2026-04-16T08:07:56.312Z"
"sess_1776326470550_6038","1","1","67","0","2","WIDE","SAFE","DEEP","SHORT","ATTACK_ME","NONE","WINNER","BACKHAND","SHORT_RALLY","2","0.57","0.31","0.57","0.56","0.6","0","0","0","1","0.36846408247947693","7","Neutral return","Serve WIDE | Return DEEP | Rally ATTACK_ME | Finish WINNER","Punto in risposta, rally count 2, profilo SHORT, momento NEUTRAL, pressione NEUTRAL. Pattern prevalente: Neutral return. Probabilità stimata: 36.8%.","neutral_return_build","N. Djokovic","C. Alcaraz","Roland Garros Sim","Clay","BO3","SF","0","1","1","0","15","30","2026-04-16T08:08:01.842Z"
"sess_1776326470550_6038","1","1","68","0","2","BODY","AGGRESSIVE","DEEP","LONG","DEFENSE_OPP","LOB","FORCED_ERROR","FOREHAND","DEFENSE_RECOVERY","10","0.57","0.33","0.57","0.56","0.6","0","0","0","0","0.3277067244052887","7","Neutral return","Serve BODY | Return DEEP | Rally DEFENSE_OPP | Finish FORCED_ERROR","Punto in risposta, rally count 10, profilo LONG, momento NEUTRAL, pressione NEUTRAL. Pattern prevalente: Neutral return. Probabilità stimata: 32.8%.","neutral_return_build","N. Djokovic","C. Alcaraz","Roland Garros Sim","Clay","BO3","SF","0","1","1","0","30","30","2026-04-16T08:08:07.985Z"
"sess_1776326470550_6038","1","1","69","0","2","WIDE","SAFE","DEEP","MEDIUM","DEFENSE_OPP","LINE_CHANGE","UNFORCED_ERROR","OTHER","MEDIUM_RALLY","6","0.57","0.32","0.57","0.56","0.4","1","0","0","0","0.44509077072143555","6","Safe return","Serve WIDE | Return DEEP | Rally DEFENSE_OPP | Finish UNFORCED_ERROR","Punto in risposta, rally count 6, profilo MEDIUM, momento NEUTRAL, pressione GAME_POINT_FOR. Pattern prevalente: Safe return. Probabilità stimata: 44.5%.","return_safe","N. Djokovic","C. Alcaraz","Roland Garros Sim","Clay","BO3","SF","0","1","1","0","30","40","2026-04-16T08:08:13.618Z"
"sess_1776326470550_6038","1","1","70","1","ACE","","AGGRESSIVE","","SHORT","ATTACK_ME","NONE","WINNER","SERVE","SERVE_DOMINANT","2","0.57","0.31","0.57","0.56","0.4","0","0","0","1","0.2216106355190277","1","Serve safe / percentage","Serve T | Rally ATTACK_ME | Finish WINNER","Punto al servizio, rally count 2, profilo SHORT, momento NEUTRAL, pressione NEUTRAL. Pattern prevalente: Serve safe / percentage. Probabilità stimata: 22.2%.","serve_plus_one_safe","N. Djokovic","C. Alcaraz","Roland Garros Sim","Clay","BO3","SF","0","1","1","1","0","0","2026-04-16T08:08:17.202Z"
"sess_1776326470550_6038","1","1","71","1","1","WIDE","WEAK","DEEP","SHORT","ATTACK_OPP","LINE_CHANGE","FORCED_ERROR","FOREHAND","SHORT_RALLY","2","0.58","0.31","0.59","0.56","0.6","0","0","0","1","0.23636187613010406","1","Serve safe / percentage","Serve WIDE | Return DEEP | Rally ATTACK_OPP | Finish FORCED_ERROR","Punto al servizio, rally count 2, profilo SHORT, momento NEUTRAL, pressione NEUTRAL. Pattern prevalente: Serve safe / percentage. Probabilità stimata: 23.6%.","serve_plus_one_safe","N. Djokovic","C. Alcaraz","Roland Garros Sim","Clay","BO3","SF","0","1","1","1","15","0","2026-04-16T08:08:23.039Z"
"sess_1776326470550_6038","1","1","72","1","2","T","WEAK","ANGLED","SHORT","ATTACK_ME","DROP_SHOT","UNFORCED_ERROR","BACKHAND","SHORT_RALLY","2","0.59","0.31","0.61","0.56","0.6","0","0","0","1","0.22897765040397644","3","Serve neutral / mixed","Serve T | Return ANGLED | Rally ATTACK_ME | Finish UNFORCED_ERROR","Punto al servizio, rally count 2, profilo SHORT, momento NEUTRAL, pressione NEUTRAL. Pattern prevalente: Serve neutral / mixed. Probabilità stimata: 22.9%.","serve_neutral_build","N. Djokovic","C. Alcaraz","Roland Garros Sim","Clay","BO3","SF","0","1","1","1","30","0","2026-04-16T08:08:28.791Z"
"sess_1776326470550_6038","1","1","73","1","1","WIDE","SAFE","","SHORT","ATTACK_ME","NONE","WINNER","FOREHAND","SERVE_DOMINANT","2","0.6","0.31","0.61","0.59","0.6","1","0","0","1","0.24334187805652618","3","Serve neutral / mixed","Serve WIDE | Rally ATTACK_ME | Finish WINNER","Punto al servizio, rally count 2, profilo SHORT, momento NEUTRAL, pressione GAME_POINT_FOR. Pattern prevalente: Serve neutral / mixed. Probabilità stimata: 24.3%.","serve_neutral_build","N. Djokovic","C. Alcaraz","Roland Garros Sim","Clay","BO3","SF","0","1","1","1","40","0","2026-04-16T08:08:34.200Z"
"sess_1776326470550_6038","1","1","74","0","1","T","SAFE","SHORT","MEDIUM","ATTACK_ME","NET_APPROACH","UNFORCED_ERROR","VOLLEY","SHORT_BALL_ATTACK","6","0.61","0.31","0.63","0.59","0.8","0","0","0","0","0.7211090326309204","7","Neutral return","Serve T | Return SHORT | Rally ATTACK_ME | Finish UNFORCED_ERROR","Punto in risposta, rally count 6, profilo MEDIUM, momento HOT, pressione NEUTRAL. Pattern prevalente: Neutral return. Probabilità stimata: 72.1%.","neutral_return_build","N. Djokovic","C. Alcaraz","Roland Garros Sim","Clay","BO3","SF","0","1","2","1","0","0","2026-04-16T08:08:40.139Z"
"sess_1776326470550_6038","1","1","75","0","1","WIDE","AGGRESSIVE","ANGLED","MEDIUM","NEUTRAL","NET_APPROACH","UNFORCED_ERROR","BACKHAND","MEDIUM_RALLY","6","0.61","0.3","0.63","0.59","0.8","0","0","0","0","0.7211090326309204","7","Neutral return","Serve WIDE | Return ANGLED | Rally NEUTRAL | Finish UNFORCED_ERROR","Punto in risposta, rally count 6, profilo MEDIUM, momento HOT, pressione NEUTRAL. Pattern prevalente: Neutral return. Probabilità stimata: 72.1%.","neutral_return_build","N. Djokovic","C. Alcaraz","Roland Garros Sim","Clay","BO3","SF","0","1","2","1","0","15","2026-04-16T08:08:45.874Z"
"sess_1776326470550_6038","1","1","76","0","1","WIDE","AGGRESSIVE","DEEP","LONG","DEFENSE_ME","NONE","UNFORCED_ERROR","OTHER","LONG_RALLY","10","0.61","0.29","0.63","0.59","0.6","0","0","0","0","0.26716315746307373","6","Safe return","Serve WIDE | Return DEEP | Rally DEFENSE_ME | Finish UNFORCED_ERROR","Punto in risposta, rally count 10, profilo LONG, momento NEUTRAL, pressione NEUTRAL. Pattern prevalente: Safe return. Probabilità stimata: 26.7%.","return_safe","N. Djokovic","C. Alcaraz","Roland Garros Sim","Clay","BO3","SF","0","1","2","1","0","30","2026-04-16T08:08:51.608Z"
"sess_1776326470550_6038","1","1","77","0","1","T","SAFE","DEEP","SHORT","ATTACK_ME","LINE_CHANGE","UNFORCED_ERROR","BACKHAND","SHORT_RALLY","2","0.61","0.29","0.63","0.59","0.4","1","0","0","1","0.5632718801498413","6","Safe return","Serve T | Return DEEP | Rally ATTACK_ME | Finish UNFORCED_ERROR","Punto in risposta, rally count 2, profilo SHORT, momento NEUTRAL, pressione GAME_POINT_FOR. Pattern prevalente: Safe return. Probabilità stimata: 56.3%.","return_safe","N. Djokovic","C. Alcaraz","Roland Garros Sim","Clay","BO3","SF","0","1","2","1","0","40","2026-04-16T08:08:57.343Z"
"sess_1776326470550_6038","1","1","78","0","1","T","AGGRESSIVE","SHORT","SHORT","ATTACK_OPP","NONE","WINNER","BACKHAND","SHORT_RALLY","2","0.61","0.31","0.63","0.59","0.4","1","0","0","0","0.5780726671218872","7","Neutral return","Serve T | Return SHORT | Rally ATTACK_OPP | Finish WINNER","Punto in risposta, rally count 2, profilo SHORT, momento NEUTRAL, pressione GAME_POINT_FOR. Pattern prevalente: Neutral return. Probabilità stimata: 57.8%.","neutral_return_build","N. Djokovic","C. Alcaraz","Roland Garros Sim","Clay","BO3","SF","0","1","2","1","15","40","2026-04-16T08:09:03.058Z"
"sess_1776326470550_6038","1","1","79","1","2","BODY","SAFE","DEEP","MEDIUM","NEUTRAL","NONE","UNFORCED_ERROR","FOREHAND","MEDIUM_RALLY","6","0.61","0.3","0.63","0.59","0.2","0","0","0","0","0.0989968329668045","1","Serve safe / percentage","Serve BODY | Return DEEP | Rally NEUTRAL | Finish UNFORCED_ERROR","Punto al servizio, rally count 6, profilo MEDIUM, momento COLD, pressione NEUTRAL. Pattern prevalente: Serve safe / percentage. Probabilità stimata: 9.9%.","serve_plus_one_safe","N. Djokovic","C. Alcaraz","Roland Garros Sim","Clay","BO3","SF","0","1","2","2","0","0","2026-04-16T08:09:08.607Z"
"sess_1776326470550_6038","1","1","80","1","1","T","SAFE","CENTRAL","MEDIUM","ATTACK_OPP","NET_APPROACH","WINNER","VOLLEY","MEDIUM_RALLY","6","0.6","0.3","0.63","0.56","0.2","0","0","0","0","0.0904388278722763","1","Serve safe / percentage","Serve T | Return CENTRAL | Rally ATTACK_OPP | Finish WINNER","Punto al servizio, rally count 6, profilo MEDIUM, momento COLD, pressione NEUTRAL. Pattern prevalente: Serve safe / percentage. Probabilità stimata: 9.0%.","serve_plus_one_safe","N. Djokovic","C. Alcaraz","Roland Garros Sim","Clay","BO3","SF","0","1","2","2","0","15","2026-04-16T08:09:14.546Z"
"sess_1776326470550_6038","1","1","81","1","1","BODY","AGGRESSIVE","SHORT","SHORT","ATTACK_OPP","NONE","WINNER","FOREHAND","SHORT_RALLY","2","0.58","0.3","0.6","0.56","0.2","0","0","0","0","0.06647955626249313","1","Serve safe / percentage","Serve BODY | Return SHORT | Rally ATTACK_OPP | Finish WINNER","Punto al servizio, rally count 2, profilo SHORT, momento COLD, pressione NEUTRAL. Pattern prevalente: Serve safe / percentage. Probabilità stimata: 6.6%.","serve_plus_one_safe","N. Djokovic","C. Alcaraz","Roland Garros Sim","Clay","BO3","SF","0","1","2","2","0","30","2026-04-16T08:09:19.997Z"
"sess_1776326470550_6038","1","1","82","1","1","BODY","AGGRESSIVE","SHORT","LONG","NEUTRAL","NET_APPROACH","FORCED_ERROR","BACKHAND","LONG_RALLY","10","0.57","0.3","0.58","0.56","0.2","0","1","1","0","0.3775900900363922","1","Serve safe / percentage","Serve BODY | Return SHORT | Rally NEUTRAL | Finish FORCED_ERROR","Punto al servizio, rally count 10, profilo LONG, momento COLD, pressione GAME_POINT_AGAINST. Pattern prevalente: Serve safe / percentage. Probabilità stimata: 37.8%.","serve_plus_one_safe","N. Djokovic","C. Alcaraz","Roland Garros Sim","Clay","BO3","SF","0","1","2","2","0","40","2026-04-16T08:09:25.811Z"
"sess_1776326470550_6038","1","1","83","0","1","BODY","AGGRESSIVE","DEEP","LONG","DEFENSE_OPP","NONE","FORCED_ERROR","FOREHAND","DEFENSE_RECOVERY","10","0.56","0.3","0.56","0.56","0","0","0","0","0","0.00011265086504863575","6","Safe return","Serve BODY | Return DEEP | Rally DEFENSE_OPP | Finish FORCED_ERROR","Punto in risposta, rally count 10, profilo LONG, momento COLD, pressione NEUTRAL. Pattern prevalente: Safe return. Probabilità stimata: 0.0%.","return_safe","N. Djokovic","C. Alcaraz","Roland Garros Sim","Clay","BO3","SF","0","1","2","3","0","0","2026-04-16T08:09:31.647Z"
"sess_1776326470550_6038","1","1","84","0","1","WIDE","SAFE","BLOCKED","SHORT","NEUTRAL","DROP_SHOT","UNFORCED_ERROR","BACKHAND","SHORT_RALLY","2","0.56","0.29","0.56","0.56","0","0","0","0","1","0.00010896805906668305","6","Safe return","Serve WIDE | Return BLOCKED | Rally NEUTRAL | Finish UNFORCED_ERROR","Punto in risposta, rally count 2, profilo SHORT, momento COLD, pressione NEUTRAL. Pattern prevalente: Safe return. Probabilità stimata: 0.0%.","return_safe","N. Djokovic","C. Alcaraz","Roland Garros Sim","Clay","BO3","SF","0","1","2","3","0","15","2026-04-16T08:09:37.484Z"
"sess_1776326470550_6038","1","1","85","0","2","WIDE","SAFE","ANGLED","MEDIUM","NEUTRAL","NONE","FORCED_ERROR","PASSING","MEDIUM_RALLY","6","0.56","0.31","0.56","0.56","0.2","0","0","0","1","0.07347588986158371","6","Safe return","Serve WIDE | Return ANGLED | Rally NEUTRAL | Finish FORCED_ERROR","Punto in risposta, rally count 6, profilo MEDIUM, momento COLD, pressione NEUTRAL. Pattern prevalente: Safe return. Probabilità stimata: 7.3%.","return_safe","N. Djokovic","C. Alcaraz","Roland Garros Sim","Clay","BO3","SF","0","1","2","3","15","15","2026-04-16T08:09:43.014Z"
"sess_1776326470550_6038","1","1","86","0","2","T","AGGRESSIVE","BLOCKED","MEDIUM","ATTACK_OPP","INSIDE_OUT","WINNER","FOREHAND","MEDIUM_RALLY","6","0.56","0.33","0.56","0.56","0.4","0","0","0","0","0.44904500246047974","7","Neutral return","Serve T | Return BLOCKED | Rally ATTACK_OPP | Finish WINNER","Punto in risposta, rally count 6, profilo MEDIUM, momento NEUTRAL, pressione NEUTRAL. Pattern prevalente: Neutral return. Probabilità stimata: 44.9%.","neutral_return_build","N. Djokovic","C. Alcaraz","Roland Garros Sim","Clay","BO3","SF","0","1","2","3","30","15","2026-04-16T08:09:48.748Z"
"sess_1776326470550_6038","1","1","87","0","2","T","SAFE","DEEP","LONG","DEFENSE_OPP","LOB","FORCED_ERROR","OTHER","DEFENSE_RECOVERY","10","0.56","0.32","0.56","0.56","0.4","0","0","0","0","0.27531251311302185","7","Neutral return","Serve T | Return DEEP | Rally DEFENSE_OPP | Finish FORCED_ERROR","Punto in risposta, rally count 10, profilo LONG, momento NEUTRAL, pressione NEUTRAL. Pattern prevalente: Neutral return. Probabilità stimata: 27.5%.","neutral_return_build","N. Djokovic","C. Alcaraz","Roland Garros Sim","Clay","BO3","SF","0","1","2","3","30","30","2026-04-16T08:09:54.892Z"
"sess_1776326470550_6038","1","1","88","0","1","T","AGGRESSIVE","CENTRAL","MEDIUM","NEUTRAL","PASSING","UNFORCED_ERROR","PASSING","PASSING_LOB","6","0.56","0.31","0.56","0.56","0.4","1","0","0","1","0.422390341758728","6","Safe return","Serve T | Return CENTRAL | Rally NEUTRAL | Finish UNFORCED_ERROR","Punto in risposta, rally count 6, profilo MEDIUM, momento NEUTRAL, pressione GAME_POINT_FOR. Pattern prevalente: Safe return. Probabilità stimata: 42.2%.","return_safe","N. Djokovic","C. Alcaraz","Roland Garros Sim","Clay","BO3","SF","0","1","2","3","30","40","2026-04-16T08:10:00.526Z"
"sess_1776326470550_6038","1","1","89","0","1","WIDE","AGGRESSIVE","DEEP","SHORT","ATTACK_ME","DROP_SHOT","FORCED_ERROR","VOLLEY","SHORT_RALLY","2","0.56","0.33","0.56","0.56","0.6","0","0","0","0","0.3437148630619049","7","Neutral return","Serve WIDE | Return DEEP | Rally ATTACK_ME | Finish FORCED_ERROR","Punto in risposta, rally count 2, profilo SHORT, momento NEUTRAL, pressione NEUTRAL. Pattern prevalente: Neutral return. Probabilità stimata: 34.4%.","neutral_return_build","N. Djokovic","C. Alcaraz","Roland Garros Sim","Clay","BO3","SF","0","1","2","3","40","40","2026-04-16T08:10:06.293Z"
"sess_1776326470550_6038","1","1","90","0","1","T","SAFE","AGGRESSIVE","LONG","ATTACK_ME","LOB","UNFORCED_ERROR","BACKHAND","LONG_RALLY","10","0.56","0.32","0.56","0.56","0.4","1","0","0","1","0.28174760937690735","6","Safe return","Serve T | Return AGGRESSIVE | Rally ATTACK_ME | Finish UNFORCED_ERROR","Punto in risposta, rally count 10, profilo LONG, momento NEUTRAL, pressione GAME_POINT_FOR. Pattern prevalente: Safe return. Probabilità stimata: 28.2%.","return_safe","N. Djokovic","C. Alcaraz","Roland Garros Sim","Clay","BO3","SF","0","1","2","3","40","Ad","2026-04-16T08:10:12.301Z"
"sess_1776326470550_6038","1","1","91","0","1","BODY","AGGRESSIVE","AGGRESSIVE","LONG","DEFENSE_OPP","LOB","UNFORCED_ERROR","FOREHAND","DEFENSE_RECOVERY","10","0.56","0.33","0.56","0.56","0.4","0","0","0","0","0.24753007292747498","7","Neutral return","Serve BODY | Return AGGRESSIVE | Rally DEFENSE_OPP | Finish UNFORCED_ERROR","Punto in risposta, rally count 10, profilo LONG, momento NEUTRAL, pressione NEUTRAL. Pattern prevalente: Neutral return. Probabilità stimata: 24.8%.","neutral_return_build","N. Djokovic","C. Alcaraz","Roland Garros Sim","Clay","BO3","SF","0","1","2","3","40","40","2026-04-16T08:10:18.035Z"
"sess_1776326470550_6038","1","1","92","0","2","BODY","AGGRESSIVE","CENTRAL","MEDIUM","ATTACK_ME","NET_APPROACH","UNFORCED_ERROR","FOREHAND","MEDIUM_RALLY","6","0.56","0.33","0.56","0.56","0.4","1","0","0","0","0.45184144377708435","7","Neutral return","Serve BODY | Return CENTRAL | Rally ATTACK_ME | Finish UNFORCED_ERROR","Punto in risposta, rally count 6, profilo MEDIUM, momento NEUTRAL, pressione GAME_POINT_FOR. Pattern prevalente: Neutral return. Probabilità stimata: 45.2%.","neutral_return_build","N. Djokovic","C. Alcaraz","Roland Garros Sim","Clay","BO3","SF","0","1","2","3","40","Ad","2026-04-16T08:10:23.872Z"
"sess_1776326470550_6038","1","1","93","1","1","T","AGGRESSIVE","BLOCKED","SHORT","NEUTRAL","DROP_SHOT","UNFORCED_ERROR","FOREHAND","SHORT_RALLY","2","0.56","0.32","0.56","0.56","0.4","0","0","0","1","0.2154192477464676","1","Serve safe / percentage","Serve T | Return BLOCKED | Rally NEUTRAL | Finish UNFORCED_ERROR","Punto al servizio, rally count 2, profilo SHORT, momento NEUTRAL, pressione NEUTRAL. Pattern prevalente: Serve safe / percentage. Probabilità stimata: 21.5%.","serve_plus_one_safe","N. Djokovic","C. Alcaraz","Roland Garros Sim","Clay","BO3","SF","0","1","2","4","0","0","2026-04-16T08:10:30.118Z"
"sess_1776326470550_6038","1","1","94","1","1","T","WEAK","DEEP","MEDIUM","DEFENSE_ME","INSIDE_IN","WINNER","FOREHAND","MEDIUM_RALLY","6","0.57","0.32","0.57","0.56","0.4","0","0","0","1","0.37319058179855347","1","Serve safe / percentage","Serve T | Return DEEP | Rally DEFENSE_ME | Finish WINNER","Punto al servizio, rally count 6, profilo MEDIUM, momento NEUTRAL, pressione NEUTRAL. Pattern prevalente: Serve safe / percentage. Probabilità stimata: 37.3%.","serve_plus_one_safe","N. Djokovic","C. Alcaraz","Roland Garros Sim","Clay","BO3","SF","0","1","2","4","15","0","2026-04-16T08:10:35.546Z"
"sess_1776326470550_6038","1","1","95","1","1","WIDE","WEAK","ANGLED","SHORT","NEUTRAL","INSIDE_IN","FORCED_ERROR","BACKHAND","SHORT_RALLY","2","0.57","0.32","0.59","0.56","0.6","0","0","0","1","0.22066760063171387","1","Serve safe / percentage","Serve WIDE | Return ANGLED | Rally NEUTRAL | Finish FORCED_ERROR","Punto al servizio, rally count 2, profilo SHORT, momento NEUTRAL, pressione NEUTRAL. Pattern prevalente: Serve safe / percentage. Probabilità stimata: 22.1%.","serve_plus_one_safe","N. Djokovic","C. Alcaraz","Roland Garros Sim","Clay","BO3","SF","0","1","2","4","30","0","2026-04-16T08:10:41.294Z"
"sess_1776326470550_6038","1","1","96","1","1","T","WEAK","","SHORT","ATTACK_ME","NONE","UNFORCED_ERROR","SERVE","SERVE_DOMINANT","2","0.58","0.32","0.6","0.56","0.6","1","0","0","1","0.23395389318466187","3","Serve neutral / mixed","Serve T | Rally ATTACK_ME | Finish UNFORCED_ERROR","Punto al servizio, rally count 2, profilo SHORT, momento NEUTRAL, pressione GAME_POINT_FOR. Pattern prevalente: Serve neutral / mixed. Probabilità stimata: 23.4%.","serve_neutral_build","N. Djokovic","C. Alcaraz","Roland Garros Sim","Clay","BO3","SF","0","1","2","4","40","0","2026-04-16T08:10:46.707Z"
"sess_1776326470550_6038","1","1","97","0","1","WIDE","SAFE","BLOCKED","LONG","ATTACK_ME","INSIDE_IN","FORCED_ERROR","FOREHAND","LONG_RALLY","10","0.59","0.32","0.61","0.56","0.8","0","0","0","0","0.5959761738777161","7","Neutral return","Serve WIDE | Return BLOCKED | Rally ATTACK_ME | Finish FORCED_ERROR","Punto in risposta, rally count 10, profilo LONG, momento HOT, pressione NEUTRAL. Pattern prevalente: Neutral return. Probabilità stimata: 59.6%.","neutral_return_build","N. Djokovic","C. Alcaraz","Roland Garros Sim","Clay","BO3","SF","0","1","3","4","0","0","2026-04-16T08:10:52.647Z"
"sess_1776326470550_6038","1","1","98","0","1","BODY","SAFE","CENTRAL","LONG","DEFENSE_OPP","LOB","WINNER","BACKHAND","DEFENSE_RECOVERY","10","0.59","0.31","0.61","0.56","0.8","0","0","0","0","0.5733523964881897","7","Neutral return","Serve BODY | Return CENTRAL | Rally DEFENSE_OPP | Finish WINNER","Punto in risposta, rally count 10, profilo LONG, momento HOT, pressione NEUTRAL. Pattern prevalente: Neutral return. Probabilità stimata: 57.3%.","neutral_return_build","N. Djokovic","C. Alcaraz","Roland Garros Sim","Clay","BO3","SF","0","1","3","4","0","15","2026-04-16T08:10:58.380Z"
"sess_1776326470550_6038","1","1","99","0","1","T","SAFE","DEEP","SHORT","ATTACK_ME","NONE","UNFORCED_ERROR","VOLLEY","SHORT_RALLY","2","0.59","0.31","0.61","0.56","0.6","0","0","0","1","0.32517045736312866","7","Neutral return","Serve T | Return DEEP | Rally ATTACK_ME | Finish UNFORCED_ERROR","Punto in risposta, rally count 2, profilo SHORT, momento NEUTRAL, pressione NEUTRAL. Pattern prevalente: Neutral return. Probabilità stimata: 32.5%.","neutral_return_build","N. Djokovic","C. Alcaraz","Roland Garros Sim","Clay","BO3","SF","0","1","3","4","0","30","2026-04-16T08:11:04.015Z"
"sess_1776326470550_6038","1","1","100","0","1","WIDE","SAFE","CENTRAL","SHORT","ATTACK_ME","NET_APPROACH","WINNER","OTHER","NET_PLAY","2","0.59","0.32","0.61","0.56","0.6","0","0","0","0","0.3307589590549469","7","Neutral return","Serve WIDE | Return CENTRAL | Rally ATTACK_ME | Finish WINNER","Punto in risposta, rally count 2, profilo SHORT, momento NEUTRAL, pressione NEUTRAL. Pattern prevalente: Neutral return. Probabilità stimata: 33.1%.","neutral_return_build","N. Djokovic","C. Alcaraz","Roland Garros Sim","Clay","BO3","SF","0","1","3","4","15","30","2026-04-16T08:11:10.092Z"
"sess_1776326470550_6038","1","1","101","0","1","WIDE","SAFE","CENTRAL","MEDIUM","ATTACK_OPP","NET_APPROACH","UNFORCED_ERROR","FOREHAND","MEDIUM_RALLY","6","0.59","0.31","0.61","0.56","0.4","1","0","0","0","0.3895922899246216","6","Safe return","Serve WIDE | Return CENTRAL | Rally ATTACK_OPP | Finish UNFORCED_ERROR","Punto in risposta, rally count 6, profilo MEDIUM, momento NEUTRAL, pressione GAME_POINT_FOR. Pattern prevalente: Safe return. Probabilità stimata: 39.0%.","return_safe","N. Djokovic","C. Alcaraz","Roland Garros Sim","Clay","BO3","SF","0","1","3","4","15","40","2026-04-16T08:11:15.789Z"
"sess_1776326470550_6038","1","1","102","1","1","WIDE","AGGRESSIVE","BLOCKED","SHORT","NEUTRAL","NET_APPROACH","WINNER","BACKHAND","NET_PLAY","2","0.59","0.31","0.61","0.56","0.2","0","0","0","0","0.07303909957408905","1","Serve safe / percentage","Serve WIDE | Return BLOCKED | Rally NEUTRAL | Finish WINNER","Punto al servizio, rally count 2, profilo SHORT, momento COLD, pressione NEUTRAL. Pattern prevalente: Serve safe / percentage. Probabilità stimata: 7.3%.","serve_plus_one_safe","N. Djokovic","C. Alcaraz","Roland Garros Sim","Clay","BO3","SF","0","1","3","5","0","0","2026-04-16T08:11:21.524Z"
"sess_1776326470550_6038","1","1","103","1","1","BODY","SAFE","CENTRAL","MEDIUM","ATTACK_OPP","NONE","WINNER","BACKHAND","MEDIUM_RALLY","6","0.58","0.31","0.59","0.56","0.2","0","0","0","1","0.08698485791683197","1","Serve safe / percentage","Serve BODY | Return CENTRAL | Rally ATTACK_OPP | Finish WINNER","Punto al servizio, rally count 6, profilo MEDIUM, momento COLD, pressione NEUTRAL. Pattern prevalente: Serve safe / percentage. Probabilità stimata: 8.7%.","serve_plus_one_safe","N. Djokovic","C. Alcaraz","Roland Garros Sim","Clay","BO3","SF","0","1","3","5","0","15","2026-04-16T08:11:27.156Z"
"sess_1776326470550_6038","1","1","104","1","2","WIDE","SAFE","AGGRESSIVE","MEDIUM","NEUTRAL","LOB","WINNER","PASSING","PASSING_LOB","6","0.59","0.31","0.61","0.56","0.4","0","0","0","0","0.3918302059173584","3","Serve neutral / mixed","Serve WIDE | Return AGGRESSIVE | Rally NEUTRAL | Finish WINNER","Punto al servizio, rally count 6, profilo MEDIUM, momento NEUTRAL, pressione NEUTRAL. Pattern prevalente: Serve neutral / mixed. Probabilità stimata: 39.2%.","serve_neutral_build","N. Djokovic","C. Alcaraz","Roland Garros Sim","Clay","BO3","SF","0","1","3","5","15","15","2026-04-16T08:11:33.095Z"
"sess_1776326470550_6038","1","1","105","1","2","T","WEAK","SHORT","SHORT","ATTACK_OPP","NONE","FORCED_ERROR","VOLLEY","SHORT_RALLY","2","0.58","0.31","0.61","0.53","0.2","0","0","0","0","0.05928398668766022","1","Serve safe / percentage","Serve T | Return SHORT | Rally ATTACK_OPP | Finish FORCED_ERROR","Punto al servizio, rally count 2, profilo SHORT, momento COLD, pressione NEUTRAL. Pattern prevalente: Serve safe / percentage. Probabilità stimata: 5.9%.","serve_plus_one_safe","N. Djokovic","C. Alcaraz","Roland Garros Sim","Clay","BO3","SF","0","1","3","5","15","30","2026-04-16T08:11:38.727Z"
"sess_1776326470550_6038","1","1","106","1","1","BODY","AGGRESSIVE","DEEP","SHORT","NEUTRAL","LINE_CHANGE","FORCED_ERROR","BACKHAND","SHORT_RALLY","2","0.57","0.31","0.61","0.5","0.2","0","1","1","0","0.22045131027698517","1","Serve safe / percentage","Serve BODY | Return DEEP | Rally NEUTRAL | Finish FORCED_ERROR","Punto al servizio, rally count 2, profilo SHORT, momento COLD, pressione GAME_POINT_AGAINST. Pattern prevalente: Serve safe / percentage. Probabilità stimata: 22.0%.","serve_plus_one_safe","N. Djokovic","C. Alcaraz","Roland Garros Sim","Clay","BO3","SF","0","1","3","5","15","40","2026-04-16T08:11:44.462Z"
"sess_1776326470550_6038","1","1","107","1","1","BODY","AGGRESSIVE","BLOCKED","SHORT","NEUTRAL","NONE","UNFORCED_ERROR","FOREHAND","SHORT_RALLY","2","0.56","0.31","0.59","0.5","0.2","0","0","0","0","0.06202995777130127","1","Serve safe / percentage","Serve BODY | Return BLOCKED | Rally NEUTRAL | Finish UNFORCED_ERROR","Punto al servizio, rally count 2, profilo SHORT, momento COLD, pressione NEUTRAL. Pattern prevalente: Serve safe / percentage. Probabilità stimata: 6.2%.","serve_plus_one_safe","N. Djokovic","C. Alcaraz","Roland Garros Sim","Clay","BO3","SF","0","2","0","0","0","0","2026-04-16T08:11:50.096Z"
"sess_1776326470550_6038","1","1","108","1","1","WIDE","WEAK","AGGRESSIVE","MEDIUM","NEUTRAL","NONE","UNFORCED_ERROR","BACKHAND","MEDIUM_RALLY","6","0.55","0.31","0.57","0.5","0.2","0","0","0","1","0.07824933528900146","1","Serve safe / percentage","Serve WIDE | Return AGGRESSIVE | Rally NEUTRAL | Finish UNFORCED_ERROR","Punto al servizio, rally count 6, profilo MEDIUM, momento COLD, pressione NEUTRAL. Pattern prevalente: Serve safe / percentage. Probabilità stimata: 7.8%.","serve_plus_one_safe","N. Djokovic","C. Alcaraz","Roland Garros Sim","Clay","BO3","SF","0","2","0","0","0","15","2026-04-16T08:11:55.623Z"
"sess_1776326470550_6038","1","1","109","1","1","WIDE","WEAK","CENTRAL","SHORT","ATTACK_ME","NONE","FORCED_ERROR","FOREHAND","SHORT_RALLY","2","0.55","0.31","0.58","0.5","0.2","0","0","0","1","0.06050249561667442","1","Serve safe / percentage","Serve WIDE | Return CENTRAL | Rally ATTACK_ME | Finish FORCED_ERROR","Punto al servizio, rally count 2, profilo SHORT, momento COLD, pressione NEUTRAL. Pattern prevalente: Serve safe / percentage. Probabilità stimata: 6.1%.","serve_plus_one_safe","N. Djokovic","C. Alcaraz","Roland Garros Sim","Clay","BO3","SF","0","2","0","0","15","15","2026-04-16T08:12:01.460Z"
"sess_1776326470550_6038","1","1","110","1","2","BODY","WEAK","","SHORT","ATTACK_ME","NONE","FORCED_ERROR","SERVE","SERVE_DOMINANT","2","0.56","0.31","0.59","0.5","0.4","0","0","0","1","0.19542701542377472","1","Serve safe / percentage","Serve BODY | Rally ATTACK_ME | Finish FORCED_ERROR","Punto al servizio, rally count 2, profilo SHORT, momento NEUTRAL, pressione NEUTRAL. Pattern prevalente: Serve safe / percentage. Probabilità stimata: 19.5%.","serve_plus_one_safe","N. Djokovic","C. Alcaraz","Roland Garros Sim","Clay","BO3","SF","0","2","0","0","30","15","2026-04-16T08:12:06.887Z"
"sess_1776326470550_6038","1","1","111","1","2","WIDE","WEAK","","SHORT","ATTACK_ME","NONE","FORCED_ERROR","FOREHAND","SERVE_DOMINANT","2","0.57","0.31","0.59","0.52","0.6","1","0","0","1","0.19524355232715607","1","Serve safe / percentage","Serve WIDE | Rally ATTACK_ME | Finish FORCED_ERROR","Punto al servizio, rally count 2, profilo SHORT, momento NEUTRAL, pressione GAME_POINT_FOR. Pattern prevalente: Serve safe / percentage. Probabilità stimata: 19.5%.","serve_plus_one_safe","N. Djokovic","C. Alcaraz","Roland Garros Sim","Clay","BO3","SF","0","2","0","0","40","15","2026-04-16T08:12:12.110Z"
"sess_1776326470550_6038","1","1","112","0","2","T","WEAK","SHORT","SHORT","NEUTRAL","NONE","WINNER","FOREHAND","SHORT_RALLY","2","0.58","0.31","0.59","0.55","0.8","0","0","0","0","0.7480812072753906","7","Neutral return","Serve T | Return SHORT | Rally NEUTRAL | Finish WINNER","Punto in risposta, rally count 2, profilo SHORT, momento HOT, pressione NEUTRAL. Pattern prevalente: Neutral return. Probabilità stimata: 74.8%.","neutral_return_build","N. Djokovic","C. Alcaraz","Roland Garros Sim","Clay","BO3","SF","0","2","1","0","0","0","2026-04-16T08:12:17.844Z"
"sess_1776326470550_6038","1","1","113","0","1","BODY","AGGRESSIVE","BLOCKED","MEDIUM","NEUTRAL","NONE","UNFORCED_ERROR","FOREHAND","MEDIUM_RALLY","6","0.58","0.3","0.59","0.55","0.8","0","0","0","1","0.7211090326309204","7","Neutral return","Serve BODY | Return BLOCKED | Rally NEUTRAL | Finish UNFORCED_ERROR","Punto in risposta, rally count 6, profilo MEDIUM, momento HOT, pressione NEUTRAL. Pattern prevalente: Neutral return. Probabilità stimata: 72.1%.","neutral_return_build","N. Djokovic","C. Alcaraz","Roland Garros Sim","Clay","BO3","SF","0","2","1","0","0","15","2026-04-16T08:12:23.579Z"
"sess_1776326470550_6038","1","1","114","0","2","WIDE","WEAK","DEEP","LONG","DEFENSE_OPP","INSIDE_OUT","FORCED_ERROR","BACKHAND","LONG_RALLY","10","0.58","0.31","0.59","0.55","0.8","0","0","0","0","0.6040453314781189","7","Neutral return","Serve WIDE | Return DEEP | Rally DEFENSE_OPP | Finish FORCED_ERROR","Punto in risposta, rally count 10, profilo LONG, momento HOT, pressione NEUTRAL. Pattern prevalente: Neutral return. Probabilità stimata: 60.4%.","neutral_return_build","N. Djokovic","C. Alcaraz","Roland Garros Sim","Clay","BO3","SF","0","2","1","0","15","15","2026-04-16T08:12:29.313Z"
"sess_1776326470550_6038","1","1","115","0","1","T","AGGRESSIVE","DEEP","LONG","ATTACK_OPP","NONE","UNFORCED_ERROR","PASSING","LONG_RALLY","10","0.58","0.31","0.59","0.55","0.6","0","0","0","0","0.27026045322418213","7","Neutral return","Serve T | Return DEEP | Rally ATTACK_OPP | Finish UNFORCED_ERROR","Punto in risposta, rally count 10, profilo LONG, momento NEUTRAL, pressione NEUTRAL. Pattern prevalente: Neutral return. Probabilità stimata: 27.0%.","neutral_return_build","N. Djokovic","C. Alcaraz","Roland Garros Sim","Clay","BO3","SF","0","2","1","0","15","30","2026-04-16T08:12:35.152Z"
"sess_1776326470550_6038","1","1","116","0","1","WIDE","AGGRESSIVE","ANGLED","SHORT","DEFENSE_ME","NET_APPROACH","UNFORCED_ERROR","VOLLEY","NET_PLAY","2","0.58","0.3","0.59","0.55","0.4","1","0","0","0","0.5780726671218872","7","Neutral return","Serve WIDE | Return ANGLED | Rally DEFENSE_ME | Finish UNFORCED_ERROR","Punto in risposta, rally count 2, profilo SHORT, momento NEUTRAL, pressione GAME_POINT_FOR. Pattern prevalente: Neutral return. Probabilità stimata: 57.8%.","neutral_return_build","N. Djokovic","C. Alcaraz","Roland Garros Sim","Clay","BO3","SF","0","2","1","0","15","40","2026-04-16T08:12:41.308Z"
"sess_1776326470550_6038","1","1","117","1","2","T","WEAK","","SHORT","NEUTRAL","NONE","WINNER","SERVE","SERVE_DOMINANT","2","0.58","0.3","0.59","0.55","0.2","0","0","0","1","0.06223875284194946","1","Serve safe / percentage","Serve T | Rally NEUTRAL | Finish WINNER","Punto al servizio, rally count 2, profilo SHORT, momento COLD, pressione NEUTRAL. Pattern prevalente: Serve safe / percentage. Probabilità stimata: 6.2%.","serve_plus_one_safe","N. Djokovic","C. Alcaraz","Roland Garros Sim","Clay","BO3","SF","0","2","1","1","0","0","2026-04-16T08:12:46.416Z"
"sess_1776326470550_6038","1","1","118","1","2","T","WEAK","CENTRAL","MEDIUM","DEFENSE_ME","NONE","WINNER","FOREHAND","MEDIUM_RALLY","6","0.58","0.3","0.59","0.57","0.4","0","0","0","0","0.4070519506931305","1","Serve safe / percentage","Serve T | Return CENTRAL | Rally DEFENSE_ME | Finish WINNER","Punto al servizio, rally count 6, profilo MEDIUM, momento NEUTRAL, pressione NEUTRAL. Pattern prevalente: Serve safe / percentage. Probabilità stimata: 40.7%.","serve_plus_one_safe","N. Djokovic","C. Alcaraz","Roland Garros Sim","Clay","BO3","SF","0","2","1","1","15","0","2026-04-16T08:12:52.046Z"
"sess_1776326470550_6038","1","1","119","1","2","T","SAFE","CENTRAL","MEDIUM","NEUTRAL","NET_APPROACH","FORCED_ERROR","BACKHAND","MEDIUM_RALLY","6","0.57","0.3","0.59","0.54","0.2","0","0","0","1","0.09322057664394379","1","Serve safe / percentage","Serve T | Return CENTRAL | Rally NEUTRAL | Finish FORCED_ERROR","Punto al servizio, rally count 6, profilo MEDIUM, momento COLD, pressione NEUTRAL. Pattern prevalente: Serve safe / percentage. Probabilità stimata: 9.3%.","serve_plus_one_safe","N. Djokovic","C. Alcaraz","Roland Garros Sim","Clay","BO3","SF","0","2","1","1","15","15","2026-04-16T08:12:57.986Z"
"sess_1776326470550_6038","1","1","120","1","2","T","SAFE","SHORT","MEDIUM","ATTACK_ME","NONE","FORCED_ERROR","FOREHAND","MEDIUM_RALLY","6","0.58","0.3","0.59","0.56","0.4","0","0","0","1","0.39475327730178833","1","Serve safe / percentage","Serve T | Return SHORT | Rally ATTACK_ME | Finish FORCED_ERROR","Punto al servizio, rally count 6, profilo MEDIUM, momento NEUTRAL, pressione NEUTRAL. Pattern prevalente: Serve safe / percentage. Probabilità stimata: 39.5%.","serve_plus_one_safe","N. Djokovic","C. Alcaraz","Roland Garros Sim","Clay","BO3","SF","0","2","1","1","30","15","2026-04-16T08:13:03.618Z"
"sess_1776326470550_6038","1","1","121","1","1","BODY","SAFE","DEEP","MEDIUM","ATTACK_OPP","LINE_CHANGE","FORCED_ERROR","VOLLEY","SHORT_BALL_ATTACK","6","0.59","0.3","0.59","0.58","0.6","1","0","0","0","0.553803026676178","1","Serve safe / percentage","Serve BODY | Return DEEP | Rally ATTACK_OPP | Finish FORCED_ERROR","Punto al servizio, rally count 6, profilo MEDIUM, momento NEUTRAL, pressione GAME_POINT_FOR. Pattern prevalente: Serve safe / percentage. Probabilità stimata: 55.4%.","serve_plus_one_safe","N. Djokovic","C. Alcaraz","Roland Garros Sim","Clay","BO3","SF","0","2","1","1","40","15","2026-04-16T08:13:09.352Z"
"sess_1776326470550_6038","1","1","122","1","2","T","SAFE","DEEP","SHORT","NEUTRAL","NONE","WINNER","FOREHAND","SHORT_RALLY","2","0.58","0.3","0.58","0.58","0.6","1","0","0","1","0.23281097412109375","1","Serve safe / percentage","Serve T | Return DEEP | Rally NEUTRAL | Finish WINNER","Punto al servizio, rally count 2, profilo SHORT, momento NEUTRAL, pressione GAME_POINT_FOR. Pattern prevalente: Serve safe / percentage. Probabilità stimata: 23.3%.","serve_plus_one_safe","N. Djokovic","C. Alcaraz","Roland Garros Sim","Clay","BO3","SF","0","2","1","1","40","30","2026-04-16T08:13:14.982Z"
"sess_1776326470550_6038","1","1","123","0","2","WIDE","SAFE","SHORT","MEDIUM","ATTACK_ME","NET_APPROACH","FORCED_ERROR","FOREHAND","SHORT_BALL_ATTACK","6","0.58","0.3","0.58","0.59","0.6","0","0","0","1","0.5061582922935486","7","Neutral return","Serve WIDE | Return SHORT | Rally ATTACK_ME | Finish FORCED_ERROR","Punto in risposta, rally count 6, profilo MEDIUM, momento NEUTRAL, pressione NEUTRAL. Pattern prevalente: Neutral return. Probabilità stimata: 50.6%.","neutral_return_build","N. Djokovic","C. Alcaraz","Roland Garros Sim","Clay","BO3","SF","0","2","2","1","0","0","2026-04-16T08:14:48.174Z"
"sess_1776326470550_6038","1","1","124","0","2","T","WEAK","","SHORT","DEFENSE_ME","NONE","UNFORCED_ERROR","FOREHAND","SHORT_RALLY","2","0.58","0.31","0.58","0.59","0.8","0","0","0","1","0.7479922771453857","7","Neutral return","Serve T | Rally DEFENSE_ME | Finish UNFORCED_ERROR","Punto in risposta, rally count 2, profilo SHORT, momento HOT, pressione NEUTRAL. Pattern prevalente: Neutral return. Probabilità stimata: 74.8%.","neutral_return_build","N. Djokovic","C. Alcaraz","Roland Garros Sim","Clay","BO3","SF","0","2","2","1","15","0","2026-04-16T08:14:55.113Z"
"sess_1776326470550_6038","1","1","125","0","2","BODY","WEAK","ANGLED","MEDIUM","ATTACK_OPP","INSIDE_OUT","WINNER","FOREHAND","MEDIUM_RALLY","6","0.58","0.32","0.58","0.59","0.8","0","0","0","0","0.7496892213821411","7","Neutral return","Serve BODY | Return ANGLED | Rally ATTACK_OPP | Finish WINNER","Punto in risposta, rally count 6, profilo MEDIUM, momento HOT, pressione NEUTRAL. Pattern prevalente: Neutral return. Probabilità stimata: 75.0%.","neutral_return_build","N. Djokovic","C. Alcaraz","Roland Garros Sim","Clay","BO3","SF","0","2","2","1","30","0","2026-04-16T08:15:00.868Z"
"sess_1776326470550_6038","1","1","126","0","1","WIDE","SAFE","DEEP","MEDIUM","NEUTRAL","LINE_CHANGE","UNFORCED_ERROR","PASSING","PASSING_LOB","6","0.58","0.32","0.58","0.59","0.6","0","0","0","1","0.5011047124862671","7","Neutral return","Serve WIDE | Return DEEP | Rally NEUTRAL | Finish UNFORCED_ERROR","Punto in risposta, rally count 6, profilo MEDIUM, momento NEUTRAL, pressione NEUTRAL. Pattern prevalente: Neutral return. Probabilità stimata: 50.1%.","neutral_return_build","N. Djokovic","C. Alcaraz","Roland Garros Sim","Clay","BO3","SF","0","2","2","1","30","15","2026-04-16T08:15:06.780Z"
"sess_1776326470550_6038","1","1","127","0","1","WIDE","SAFE","CENTRAL","LONG","DEFENSE_OPP","NONE","FORCED_ERROR","BACKHAND","LONG_RALLY","10","0.58","0.33","0.58","0.59","0.8","0","1","1","0","0.7841353416442871","5","Aggressive return","Serve WIDE | Return CENTRAL | Rally DEFENSE_OPP | Finish FORCED_ERROR","Punto in risposta, rally count 10, profilo LONG, momento HOT, pressione GAME_POINT_AGAINST. Pattern prevalente: Aggressive return. Probabilità stimata: 78.4%.","return_pressure","N. Djokovic","C. Alcaraz","Roland Garros Sim","Clay","BO3","SF","0","2","2","1","40","15","2026-04-16T08:15:12.412Z"
"sess_1776326470550_6038","1","1","128","0","1","T","SAFE","ANGLED","LONG","ATTACK_OPP","INSIDE_OUT","UNFORCED_ERROR","BACKHAND","LONG_RALLY","10","0.58","0.32","0.58","0.59","0.6","0","1","1","0","0.5163858532905579","5","Aggressive return","Serve T | Return ANGLED | Rally ATTACK_OPP | Finish UNFORCED_ERROR","Punto in risposta, rally count 10, profilo LONG, momento NEUTRAL, pressione GAME_POINT_AGAINST. Pattern prevalente: Aggressive return. Probabilità stimata: 51.6%.","return_pressure","N. Djokovic","C. Alcaraz","Roland Garros Sim","Clay","BO3","SF","0","2","2","1","40","30","2026-04-16T08:15:18.246Z"
"sess_1776326470550_6038","1","1","129","0","1","T","WEAK","DEEP","SHORT","DEFENSE_ME","NONE","UNFORCED_ERROR","OTHER","SHORT_RALLY","2","0.58","0.32","0.58","0.59","0.4","0","0","0","0","0.5626893639564514","7","Neutral return","Serve T | Return DEEP | Rally DEFENSE_ME | Finish UNFORCED_ERROR","Punto in risposta, rally count 2, profilo SHORT, momento NEUTRAL, pressione NEUTRAL. Pattern prevalente: Neutral return. Probabilità stimata: 56.3%.","neutral_return_build","N. Djokovic","C. Alcaraz","Roland Garros Sim","Clay","BO3","SF","0","2","2","1","40","40","2026-04-16T08:15:23.877Z"
"sess_1776326470550_6038","1","1","130","0","1","T","SAFE","BLOCKED","SHORT","NEUTRAL","NONE","UNFORCED_ERROR","BACKHAND","SHORT_RALLY","2","0.58","0.31","0.58","0.59","0.2","1","0","0","1","0.11147033423185349","6","Safe return","Serve T | Return BLOCKED | Rally NEUTRAL | Finish UNFORCED_ERROR","Punto in risposta, rally count 2, profilo SHORT, momento COLD, pressione GAME_POINT_FOR. Pattern prevalente: Safe return. Probabilità stimata: 11.1%.","return_safe","N. Djokovic","C. Alcaraz","Roland Garros Sim","Clay","BO3","SF","0","2","2","1","40","Ad","2026-04-16T08:15:29.367Z"
"sess_1776326470550_6038","1","1","131","0","2","T","SAFE","CENTRAL","MEDIUM","DEFENSE_OPP","PASSING","WINNER","FOREHAND","PASSING_LOB","6","0.58","0.32","0.58","0.59","0.4","0","0","0","1","0.40873703360557556","7","Neutral return","Serve T | Return CENTRAL | Rally DEFENSE_OPP | Finish WINNER","Punto in risposta, rally count 6, profilo MEDIUM, momento NEUTRAL, pressione NEUTRAL. Pattern prevalente: Neutral return. Probabilità stimata: 40.9%.","neutral_return_build","N. Djokovic","C. Alcaraz","Roland Garros Sim","Clay","BO3","SF","0","2","2","1","40","40","2026-04-16T08:29:23.453Z"
"sess_1776326470550_6038","1","1","132","0","1","T","AGGRESSIVE","BLOCKED","SHORT","ATTACK_ME","INSIDE_OUT","FORCED_ERROR","VOLLEY","SHORT_RALLY","2","0.58","0.33","0.58","0.59","0.4","0","1","1","1","0.7414470911026001","7","Neutral return","Serve T | Return BLOCKED | Rally ATTACK_ME | Finish FORCED_ERROR","Punto in risposta, rally count 2, profilo SHORT, momento NEUTRAL, pressione GAME_POINT_AGAINST. Pattern prevalente: Neutral return. Probabilità stimata: 74.1%.","neutral_return_build","N. Djokovic","C. Alcaraz","Roland Garros Sim","Clay","BO3","SF","0","2","2","1","Ad","40","2026-04-16T08:29:29.262Z"
"sess_1776326470550_6038","1","1","133","1","2","WIDE","SAFE","BLOCKED","LONG","NEUTRAL","LINE_CHANGE","FORCED_ERROR","VOLLEY","LONG_RALLY","10","0.58","0.34","0.58","0.59","0.6","0","0","0","1","0.6833857297897339","1","Serve safe / percentage","Serve WIDE | Return BLOCKED | Rally NEUTRAL | Finish FORCED_ERROR","Punto al servizio, rally count 10, profilo LONG, momento NEUTRAL, pressione NEUTRAL. Pattern prevalente: Serve safe / percentage. Probabilità stimata: 68.3%.","serve_plus_one_safe","N. Djokovic","C. Alcaraz","Roland Garros Sim","Clay","BO3","SF","0","2","3","1","0","0","2026-04-16T08:29:35.174Z"
"sess_1776326470550_6038","1","1","134","1","1","BODY","SAFE","","SHORT","NEUTRAL","NONE","UNFORCED_ERROR","SERVE","SERVE_DOMINANT","2","0.59","0.34","0.58","0.61","0.8","0","0","0","1","0.7679696679115295","1","Serve safe / percentage","Serve BODY | Rally NEUTRAL | Finish UNFORCED_ERROR","Punto al servizio, rally count 2, profilo SHORT, momento HOT, pressione NEUTRAL. Pattern prevalente: Serve safe / percentage. Probabilità stimata: 76.8%.","serve_plus_one_safe","N. Djokovic","C. Alcaraz","Roland Garros Sim","Clay","BO3","SF","0","2","3","1","15","0","2026-04-16T08:29:40.676Z"
"sess_1776326470550_6038","1","1","135","1","1","WIDE","AGGRESSIVE","DEEP","MEDIUM","ATTACK_ME","INSIDE_OUT","WINNER","BACKHAND","MEDIUM_RALLY","6","0.6","0.34","0.59","0.61","1","0","0","0","0","0.9995360374450684","1","Serve safe / percentage","Serve WIDE | Return DEEP | Rally ATTACK_ME | Finish WINNER","Punto al servizio, rally count 6, profilo MEDIUM, momento HOT, pressione NEUTRAL. Pattern prevalente: Serve safe / percentage. Probabilità stimata: 100.0%.","serve_plus_one_safe","N. Djokovic","C. Alcaraz","Roland Garros Sim","Clay","BO3","SF","0","2","3","1","30","0","2026-04-16T08:29:46.552Z"
"sess_1776326470550_6038","1","1","136","1","2","T","SAFE","DEEP","SHORT","DEFENSE_ME","NONE","WINNER","OTHER","SHORT_RALLY","2","0.59","0.34","0.57","0.61","0.8","0","0","0","1","0.7711312770843506","1","Serve safe / percentage","Serve T | Return DEEP | Rally DEFENSE_ME | Finish WINNER","Punto al servizio, rally count 2, profilo SHORT, momento HOT, pressione NEUTRAL. Pattern prevalente: Serve safe / percentage. Probabilità stimata: 77.1%.","serve_plus_one_safe","N. Djokovic","C. Alcaraz","Roland Garros Sim","Clay","BO3","SF","0","2","3","1","30","15","2026-04-16T08:29:52.115Z"
"sess_1776326470550_6038","1","1","137","1","1","BODY","WEAK","","SHORT","ATTACK_ME","NONE","WINNER","FOREHAND","SERVE_DOMINANT","2","0.59","0.34","0.57","0.62","0.8","1","0","0","1","0.6958345174789429","1","Serve safe / percentage","Serve BODY | Rally ATTACK_ME | Finish WINNER","Punto al servizio, rally count 2, profilo SHORT, momento HOT, pressione GAME_POINT_FOR. Pattern prevalente: Serve safe / percentage. Probabilità stimata: 69.6%.","serve_plus_one_safe","N. Djokovic","C. Alcaraz","Roland Garros Sim","Clay","BO3","SF","0","2","3","1","40","15","2026-04-16T08:29:57.573Z"
"sess_1776326470550_6038","1","1","138","0","1","T","SAFE","BLOCKED","SHORT","ATTACK_ME","NONE","WINNER","FOREHAND","SHORT_RALLY","2","0.6","0.34","0.59","0.62","0.8","0","0","0","1","0.7406632304191589","7","Neutral return","Serve T | Return BLOCKED | Rally ATTACK_ME | Finish WINNER","Punto in risposta, rally count 2, profilo SHORT, momento HOT, pressione NEUTRAL. Pattern prevalente: Neutral return. Probabilità stimata: 74.1%.","neutral_return_build","N. Djokovic","C. Alcaraz","Roland Garros Sim","Clay","BO3","SF","0","2","4","1","0","0","2026-04-16T08:30:03.107Z"
"sess_1776326470550_6038","1","1","139","0","1","BODY","SAFE","ANGLED","MEDIUM","ATTACK_ME","NONE","FORCED_ERROR","FOREHAND","SHORT_BALL_ATTACK","6","0.6","0.35","0.59","0.62","0.8","0","0","0","1","0.7655197381973267","7","Neutral return","Serve BODY | Return ANGLED | Rally ATTACK_ME | Finish FORCED_ERROR","Punto in risposta, rally count 6, profilo MEDIUM, momento HOT, pressione NEUTRAL. Pattern prevalente: Neutral return. Probabilità stimata: 76.6%.","neutral_return_build","N. Djokovic","C. Alcaraz","Roland Garros Sim","Clay","BO3","SF","0","2","4","1","15","0","2026-04-16T08:32:18.190Z"
"sess_1776326470550_6038","1","1","140","0","1","WIDE","SAFE","DEEP","LONG","NEUTRAL","NONE","UNFORCED_ERROR","PASSING","LONG_RALLY","10","0.6","0.36","0.59","0.62","0.8","0","0","0","1","0.6262531280517578","7","Neutral return","Serve WIDE | Return DEEP | Rally NEUTRAL | Finish UNFORCED_ERROR","Punto in risposta, rally count 10, profilo LONG, momento HOT, pressione NEUTRAL. Pattern prevalente: Neutral return. Probabilità stimata: 62.6%.","neutral_return_build","N. Djokovic","C. Alcaraz","Roland Garros Sim","Clay","BO3","SF","0","2","4","1","30","0","2026-04-16T08:32:23.477Z"
"sess_1776326470550_6038","1","1","141","0","1","T","SAFE","DEEP","SHORT","NEUTRAL","DROP_SHOT","FORCED_ERROR","FOREHAND","SHORT_RALLY","2","0.6","0.37","0.59","0.62","1","0","1","1","1","0.9995604157447815","5","Aggressive return","Serve T | Return DEEP | Rally NEUTRAL | Finish FORCED_ERROR","Punto in risposta, rally count 2, profilo SHORT, momento HOT, pressione GAME_POINT_AGAINST. Pattern prevalente: Aggressive return. Probabilità stimata: 100.0%.","return_pressure","N. Djokovic","C. Alcaraz","Roland Garros Sim","Clay","BO3","SF","0","2","4","1","40","0","2026-04-16T08:32:29.338Z"
"sess_1776326470550_6038","1","1","142","1","1","T","SAFE","CENTRAL","SHORT","NEUTRAL","DROP_SHOT","FORCED_ERROR","FOREHAND","SHORT_RALLY","2","0.6","0.38","0.59","0.62","1","0","0","0","0","0.9996048808097839","1","Serve safe / percentage","Serve T | Return CENTRAL | Rally NEUTRAL | Finish FORCED_ERROR","Punto al servizio, rally count 2, profilo SHORT, momento HOT, pressione NEUTRAL. Pattern prevalente: Serve safe / percentage. Probabilità stimata: 100.0%.","serve_plus_one_safe","N. Djokovic","C. Alcaraz","Roland Garros Sim","Clay","BO3","SF","0","2","5","1","0","0","2026-04-16T08:32:35.188Z"
"sess_1776326470550_6038","1","1","143","1","1","WIDE","WEAK","BLOCKED","MEDIUM","NEUTRAL","NET_APPROACH","UNFORCED_ERROR","FOREHAND","MEDIUM_RALLY","6","0.59","0.38","0.57","0.62","0.8","0","0","0","0","0.8592526912689209","1","Serve safe / percentage","Serve WIDE | Return BLOCKED | Rally NEUTRAL | Finish UNFORCED_ERROR","Punto al servizio, rally count 6, profilo MEDIUM, momento HOT, pressione NEUTRAL. Pattern prevalente: Serve safe / percentage. Probabilità stimata: 85.9%.","serve_plus_one_safe","N. Djokovic","C. Alcaraz","Roland Garros Sim","Clay","BO3","SF","0","2","5","1","0","15","2026-04-16T08:32:41.013Z"
"sess_1776326470550_6038","1","1","144","1","2","WIDE","AGGRESSIVE","CENTRAL","SHORT","ATTACK_OPP","NET_APPROACH","UNFORCED_ERROR","VOLLEY","NET_PLAY","2","0.58","0.38","0.56","0.62","0.6","0","0","0","1","0.22020410001277924","1","Serve safe / percentage","Serve WIDE | Return CENTRAL | Rally ATTACK_OPP | Finish UNFORCED_ERROR","Punto al servizio, rally count 2, profilo SHORT, momento NEUTRAL, pressione NEUTRAL. Pattern prevalente: Serve safe / percentage. Probabilità stimata: 22.0%.","serve_plus_one_safe","N. Djokovic","C. Alcaraz","Roland Garros Sim","Clay","BO3","SF","0","2","5","1","0","30","2026-04-16T08:32:46.779Z"
"sess_1776326470550_6038","1","1","145","1","ACE","","AGGRESSIVE","","SHORT","ATTACK_ME","NONE","WINNER","SERVE","SERVE_DOMINANT","2","0.59","0.38","0.56","0.63","0.6","0","0","0","1","0.21554681658744812","1","Serve safe / percentage","Serve T | Rally ATTACK_ME | Finish WINNER","Punto al servizio, rally count 2, profilo SHORT, momento NEUTRAL, pressione NEUTRAL. Pattern prevalente: Serve safe / percentage. Probabilità stimata: 21.6%.","serve_plus_one_safe","N. Djokovic","C. Alcaraz","Roland Garros Sim","Clay","BO3","SF","0","2","5","1","15","30","2026-04-16T08:32:50.435Z"
"sess_1776326470550_6038","1","1","146","1","2","T","SAFE","DEEP","MEDIUM","DEFENSE_ME","NONE","UNFORCED_ERROR","FOREHAND","MEDIUM_RALLY","6","0.59","0.38","0.57","0.63","0.6","0","0","0","0","0.548661470413208","1","Serve safe / percentage","Serve T | Return DEEP | Rally DEFENSE_ME | Finish UNFORCED_ERROR","Punto al servizio, rally count 6, profilo MEDIUM, momento NEUTRAL, pressione NEUTRAL. Pattern prevalente: Serve safe / percentage. Probabilità stimata: 54.9%.","serve_plus_one_safe","N. Djokovic","C. Alcaraz","Roland Garros Sim","Clay","BO3","SF","0","2","5","1","30","30","2026-04-16T08:32:56.065Z"
"sess_1776326470550_6038","1","1","147","1","2","WIDE","SAFE","CENTRAL","LONG","ATTACK_OPP","INSIDE_IN","UNFORCED_ERROR","OTHER","LONG_RALLY","10","0.59","0.38","0.57","0.61","0.4","0","1","1","0","0.6933807134628296","1","Serve safe / percentage","Serve WIDE | Return CENTRAL | Rally ATTACK_OPP | Finish UNFORCED_ERROR","Punto al servizio, rally count 10, profilo LONG, momento NEUTRAL, pressione GAME_POINT_AGAINST. Pattern prevalente: Serve safe / percentage. Probabilità stimata: 69.3%.","serve_plus_one_safe","N. Djokovic","C. Alcaraz","Roland Garros Sim","Clay","BO3","SF","0","2","5","1","30","40","2026-04-16T08:33:01.700Z"
"sess_1776326470550_6038","1","1","148","0","1","WIDE","SAFE","DEEP","MEDIUM","NEUTRAL","LINE_CHANGE","FORCED_ERROR","BACKHAND","MEDIUM_RALLY","6","0.58","0.38","0.57","0.59","0.4","0","0","0","0","0.43520301580429077","7","Neutral return","Serve WIDE | Return DEEP | Rally NEUTRAL | Finish FORCED_ERROR","Punto in risposta, rally count 6, profilo MEDIUM, momento NEUTRAL, pressione NEUTRAL. Pattern prevalente: Neutral return. Probabilità stimata: 43.5%.","neutral_return_build","N. Djokovic","C. Alcaraz","Roland Garros Sim","Clay","BO3","SF","0","2","5","2","0","0","2026-04-16T08:33:07.738Z"
"sess_1776326470550_6038","1","1","149","0","1","WIDE","SAFE","DEEP","MEDIUM","NEUTRAL","DROP_SHOT","WINNER","SMASH","SHORT_BALL_ATTACK","6","0.58","0.38","0.57","0.59","0.4","0","0","0","0","0.43520301580429077","7","Neutral return","Serve WIDE | Return DEEP | Rally NEUTRAL | Finish WINNER","Punto in risposta, rally count 6, profilo MEDIUM, momento NEUTRAL, pressione NEUTRAL. Pattern prevalente: Neutral return. Probabilità stimata: 43.5%.","neutral_return_build","N. Djokovic","C. Alcaraz","Roland Garros Sim","Clay","BO3","SF","0","2","5","2","0","15","2026-04-16T08:33:13.575Z"
"sess_1776326470550_6038","1","1","150","0","1","T","WEAK","ANGLED","MEDIUM","DEFENSE_OPP","INSIDE_OUT","FORCED_ERROR","FOREHAND","MEDIUM_RALLY","6","0.58","0.37","0.57","0.59","0.2","0","0","0","0","0.07338360697031021","6","Safe return","Serve T | Return ANGLED | Rally DEFENSE_OPP | Finish FORCED_ERROR","Punto in risposta, rally count 6, profilo MEDIUM, momento COLD, pressione NEUTRAL. Pattern prevalente: Safe return. Probabilità stimata: 7.3%.","return_safe","N. Djokovic","C. Alcaraz","Roland Garros Sim","Clay","BO3","SF","0","2","5","2","0","30","2026-04-16T08:33:19.617Z"
"sess_1776326470550_6038","1","1","151","0","2","T","SAFE","DEEP","SHORT","DEFENSE_OPP","LINE_CHANGE","UNFORCED_ERROR","FOREHAND","SHORT_RALLY","2","0.58","0.36","0.57","0.59","0","1","0","0","1","0.00010223305434919894","6","Safe return","Serve T | Return DEEP | Rally DEFENSE_OPP | Finish UNFORCED_ERROR","Punto in risposta, rally count 2, profilo SHORT, momento COLD, pressione GAME_POINT_FOR. Pattern prevalente: Safe return. Probabilità stimata: 0.0%.","return_safe","N. Djokovic","C. Alcaraz","Roland Garros Sim","Clay","BO3","SF","0","2","5","2","0","40","2026-04-16T08:33:25.251Z"
"sess_1776326470550_6038","1","1","152","0","1","T","SAFE","CENTRAL","LONG","DEFENSE_OPP","LINE_CHANGE","WINNER","BACKHAND","LONG_RALLY","10","0.58","0.37","0.57","0.59","0.2","1","0","0","0","0.05120678246021271","6","Safe return","Serve T | Return CENTRAL | Rally DEFENSE_OPP | Finish WINNER","Punto in risposta, rally count 10, profilo LONG, momento COLD, pressione GAME_POINT_FOR. Pattern prevalente: Safe return. Probabilità stimata: 5.1%.","return_safe","N. Djokovic","C. Alcaraz","Roland Garros Sim","Clay","BO3","SF","0","2","5","2","15","40","2026-04-16T08:33:30.975Z"
"sess_1776326470550_6038","1","1","153","1","2","BODY","AGGRESSIVE","CENTRAL","SHORT","ATTACK_ME","DROP_SHOT","WINNER","SMASH","NET_PLAY","2","0.58","0.37","0.57","0.59","0.2","0","0","0","0","0.06201038509607315","1","Serve safe / percentage","Serve BODY | Return CENTRAL | Rally ATTACK_ME | Finish WINNER","Punto al servizio, rally count 2, profilo SHORT, momento COLD, pressione NEUTRAL. Pattern prevalente: Serve safe / percentage. Probabilità stimata: 6.2%.","serve_plus_one_safe","N. Djokovic","C. Alcaraz","Roland Garros Sim","Clay","BO3","SF","0","2","5","3","0","0","2026-04-16T08:33:36.820Z"
"sess_1776326470550_6038","1","1","154","1","2","WIDE","SAFE","DEEP","MEDIUM","ATTACK_ME","NET_APPROACH","WINNER","BACKHAND","SHORT_BALL_ATTACK","6","0.57","0.37","0.57","0.58","0.2","0","0","0","1","0.08767364174127579","1","Serve safe / percentage","Serve WIDE | Return DEEP | Rally ATTACK_ME | Finish WINNER","Punto al servizio, rally count 6, profilo MEDIUM, momento COLD, pressione NEUTRAL. Pattern prevalente: Serve safe / percentage. Probabilità stimata: 8.8%.","serve_plus_one_safe","N. Djokovic","C. Alcaraz","Roland Garros Sim","Clay","BO3","SF","0","2","5","3","0","15","2026-04-16T08:33:42.862Z"
"sess_1776326470550_6038","1","1","155","1","2","T","AGGRESSIVE","ANGLED","MEDIUM","ATTACK_OPP","NET_APPROACH","FORCED_ERROR","FOREHAND","MEDIUM_RALLY","6","0.58","0.37","0.57","0.59","0.4","0","0","0","0","0.4171257019042969","1","Serve safe / percentage","Serve T | Return ANGLED | Rally ATTACK_OPP | Finish FORCED_ERROR","Punto al servizio, rally count 6, profilo MEDIUM, momento NEUTRAL, pressione NEUTRAL. Pattern prevalente: Serve safe / percentage. Probabilità stimata: 41.7%.","serve_plus_one_safe","N. Djokovic","C. Alcaraz","Roland Garros Sim","Clay","BO3","SF","0","2","5","3","15","15","2026-04-16T08:33:48.596Z"
"sess_1776326470550_6038","1","1","156","1","1","WIDE","SAFE","DEEP","MEDIUM","NEUTRAL","LINE_CHANGE","UNFORCED_ERROR","OTHER","MEDIUM_RALLY","6","0.57","0.37","0.57","0.57","0.4","0","0","0","1","0.3513384759426117","1","Serve safe / percentage","Serve WIDE | Return DEEP | Rally NEUTRAL | Finish UNFORCED_ERROR","Punto al servizio, rally count 6, profilo MEDIUM, momento NEUTRAL, pressione NEUTRAL. Pattern prevalente: Serve safe / percentage. Probabilità stimata: 35.1%.","serve_plus_one_safe","N. Djokovic","C. Alcaraz","Roland Garros Sim","Clay","BO3","SF","0","2","5","3","15","30","2026-04-16T08:33:54.288Z"
"sess_1776326470550_6038","1","1","157","1","1","T","AGGRESSIVE","ANGLED","SHORT","DEFENSE_ME","DROP_SHOT","WINNER","FOREHAND","SHORT_RALLY","2","0.57","0.37","0.58","0.57","0.4","0","0","0","1","0.20609374344348907","1","Serve safe / percentage","Serve T | Return ANGLED | Rally DEFENSE_ME | Finish WINNER","Punto al servizio, rally count 2, profilo SHORT, momento NEUTRAL, pressione NEUTRAL. Pattern prevalente: Serve safe / percentage. Probabilità stimata: 20.6%.","serve_plus_one_safe","N. Djokovic","C. Alcaraz","Roland Garros Sim","Clay","BO3","SF","0","2","5","3","30","30","2026-04-16T08:34:00.270Z"
"sess_1776326470550_6038","1","1","158","1","1","T","AGGRESSIVE","DEEP","MEDIUM","ATTACK_ME","PASSING","WINNER","PASSING","PASSING_LOB","6","0.58","0.37","0.59","0.57","0.6","1","0","0","1","0.5265460014343262","1","Serve safe / percentage","Serve T | Return DEEP | Rally ATTACK_ME | Finish WINNER","Punto al servizio, rally count 6, profilo MEDIUM, momento NEUTRAL, pressione GAME_POINT_FOR. Pattern prevalente: Serve safe / percentage. Probabilità stimata: 52.7%.","serve_plus_one_safe","N. Djokovic","C. Alcaraz","Roland Garros Sim","Clay","BO3","SF","0","2","5","3","40","30","2026-04-16T08:34:07.029Z"
"sess_1776326470550_6038","1","1","159","1","2","T","SAFE","","SHORT","NEUTRAL","NONE","FORCED_ERROR","BACKHAND","SERVE_DOMINANT","2","0.59","0.37","0.6","0.57","0.8","0","0","0","1","0.6970735788345337","3","Serve neutral / mixed","Serve T | Rally NEUTRAL | Finish FORCED_ERROR","Punto al servizio, rally count 2, profilo SHORT, momento HOT, pressione NEUTRAL. Pattern prevalente: Serve neutral / mixed. Probabilità stimata: 69.7%.","serve_neutral_build","N. Djokovic","C. Alcaraz","Roland Garros Sim","Clay","BO3","SF","1","2","0","0","0","0","2026-04-16T08:34:12.457Z"
"sess_1776326470550_6038","1","1","160","1","2","T","SAFE","CENTRAL","LONG","DEFENSE_OPP","INSIDE_IN","FORCED_ERROR","OTHER","LONG_RALLY","10","0.59","0.37","0.6","0.58","0.8","0","0","0","1","0.9002547264099121","3","Serve neutral / mixed","Serve T | Return CENTRAL | Rally DEFENSE_OPP | Finish FORCED_ERROR","Punto al servizio, rally count 10, profilo LONG, momento HOT, pressione NEUTRAL. Pattern prevalente: Serve neutral / mixed. Probabilità stimata: 90.0%.","serve_neutral_build","N. Djokovic","C. Alcaraz","Roland Garros Sim","Clay","BO3","SF","1","2","0","0","15","0","2026-04-16T08:34:18.180Z"
"sess_1776326470550_6038","1","1","161","1","1","T","SAFE","","SHORT","ATTACK_ME","NONE","FORCED_ERROR","FOREHAND","SERVE_DOMINANT","2","0.6","0.37","0.6","0.59","1","0","0","0","1","0.9996066689491272","3","Serve neutral / mixed","Serve T | Rally ATTACK_ME | Finish FORCED_ERROR","Punto al servizio, rally count 2, profilo SHORT, momento HOT, pressione NEUTRAL. Pattern prevalente: Serve neutral / mixed. Probabilità stimata: 100.0%.","serve_neutral_build","N. Djokovic","C. Alcaraz","Roland Garros Sim","Clay","BO3","SF","1","2","0","0","30","0","2026-04-16T08:34:23.586Z"
"sess_1776326470550_6038","1","1","162","1","2","WIDE","SAFE","ANGLED","LONG","DEFENSE_OPP","NONE","UNFORCED_ERROR","BACKHAND","DEFENSE_RECOVERY","10","0.6","0.37","0.6","0.59","1","1","0","0","0","0.9997171759605408","3","Serve neutral / mixed","Serve WIDE | Return ANGLED | Rally DEFENSE_OPP | Finish UNFORCED_ERROR","Punto al servizio, rally count 10, profilo LONG, momento HOT, pressione GAME_POINT_FOR. Pattern prevalente: Serve neutral / mixed. Probabilità stimata: 100.0%.","serve_neutral_build","N. Djokovic","C. Alcaraz","Roland Garros Sim","Clay","BO3","SF","1","2","0","0","40","0","2026-04-16T08:34:29.301Z"
"sess_1776326470550_6038","1","1","163","1","ACE","","AGGRESSIVE","","SHORT","ATTACK_ME","NONE","WINNER","SERVE","SERVE_DOMINANT","2","0.59","0.37","0.6","0.58","0.8","1","0","0","1","0.663209855556488","3","Serve neutral / mixed","Serve T | Rally ATTACK_ME | Finish WINNER","Punto al servizio, rally count 2, profilo SHORT, momento HOT, pressione GAME_POINT_FOR. Pattern prevalente: Serve neutral / mixed. Probabilità stimata: 66.3%.","serve_neutral_build","N. Djokovic","C. Alcaraz","Roland Garros Sim","Clay","BO3","SF","1","2","0","0","40","15","2026-04-16T08:34:32.936Z"
"sess_1776326470550_6038","1","1","164","0","1","T","SAFE","BLOCKED","MEDIUM","NEUTRAL","PASSING","WINNER","PASSING","PASSING_LOB","6","0.6","0.37","0.61","0.58","0.8","0","0","0","0","0.7908856868743896","7","Neutral return","Serve T | Return BLOCKED | Rally NEUTRAL | Finish WINNER","Punto in risposta, rally count 6, profilo MEDIUM, momento HOT, pressione NEUTRAL. Pattern prevalente: Neutral return. Probabilità stimata: 79.1%.","neutral_return_build","N. Djokovic","C. Alcaraz","Roland Garros Sim","Clay","BO3","SF","1","2","1","0","0","0","2026-04-16T08:34:38.773Z"
"sess_1776326470550_6038","1","1","165","0","2","T","SAFE","ANGLED","MEDIUM","DEFENSE_OPP","PASSING","UNFORCED_ERROR","PASSING","PASSING_LOB","6","0.6","0.36","0.61","0.58","0.6","0","0","0","0","0.5881226062774658","7","Neutral return","Serve T | Return ANGLED | Rally DEFENSE_OPP | Finish UNFORCED_ERROR","Punto in risposta, rally count 6, profilo MEDIUM, momento NEUTRAL, pressione NEUTRAL. Pattern prevalente: Neutral return. Probabilità stimata: 58.8%.","neutral_return_build","N. Djokovic","C. Alcaraz","Roland Garros Sim","Clay","BO3","SF","1","2","1","0","0","15","2026-04-16T08:34:44.475Z"
"sess_1776326470550_6038","1","1","166","0","1","WIDE","AGGRESSIVE","ANGLED","SHORT","DEFENSE_ME","NONE","WINNER","OTHER","SHORT_RALLY","2","0.6","0.36","0.61","0.58","0.4","0","0","0","0","0.5954152941703796","7","Neutral return","Serve WIDE | Return ANGLED | Rally DEFENSE_ME | Finish WINNER","Punto in risposta, rally count 2, profilo SHORT, momento NEUTRAL, pressione NEUTRAL. Pattern prevalente: Neutral return. Probabilità stimata: 59.5%.","neutral_return_build","N. Djokovic","C. Alcaraz","Roland Garros Sim","Clay","BO3","SF","1","2","1","0","0","30","2026-04-16T08:34:50.139Z"
"sess_1776326470550_6038","1","1","167","0","1","T","AGGRESSIVE","CENTRAL","SHORT","ATTACK_OPP","NONE","WINNER","FOREHAND","SHORT_RALLY","2","0.6","0.35","0.61","0.58","0.2","1","0","0","1","0.11143889278173447","6","Safe return","Serve T | Return CENTRAL | Rally ATTACK_OPP | Finish WINNER","Punto in risposta, rally count 2, profilo SHORT, momento COLD, pressione GAME_POINT_FOR. Pattern prevalente: Safe return. Probabilità stimata: 11.1%.","return_safe","N. Djokovic","C. Alcaraz","Roland Garros Sim","Clay","BO3","SF","1","2","1","0","0","40","2026-04-16T08:34:55.773Z"
"sess_1776326470550_6038","1","1","168","0","1","WIDE","AGGRESSIVE","SHORT","LONG","ATTACK_ME","NONE","FORCED_ERROR","BACKHAND","LONG_RALLY","10","0.6","0.36","0.61","0.58","0.4","1","0","0","1","0.28545376658439636","6","Safe return","Serve WIDE | Return SHORT | Rally ATTACK_ME | Finish FORCED_ERROR","Punto in risposta, rally count 10, profilo LONG, momento NEUTRAL, pressione GAME_POINT_FOR. Pattern prevalente: Safe return. Probabilità stimata: 28.5%.","return_safe","N. Djokovic","C. Alcaraz","Roland Garros Sim","Clay","BO3","SF","1","2","1","0","15","40","2026-04-16T08:35:01.508Z"
"sess_1776326470550_6038","1","1","169","0","1","T","SAFE","AGGRESSIVE","SHORT","ATTACK_ME","NONE","WINNER","FOREHAND","AGGRESSIVE_RETURN","2","0.6","0.37","0.61","0.58","0.4","1","0","0","1","0.6130390167236328","7","Neutral return","Serve T | Return AGGRESSIVE | Rally ATTACK_ME | Finish WINNER","Punto in risposta, rally count 2, profilo SHORT, momento NEUTRAL, pressione GAME_POINT_FOR. Pattern prevalente: Neutral return. Probabilità stimata: 61.3%.","neutral_return_build","N. Djokovic","C. Alcaraz","Roland Garros Sim","Clay","BO3","SF","1","2","1","0","30","40","2026-04-16T08:35:06.933Z"
"sess_1776326470550_6038","1","1","170","0","2","T","AGGRESSIVE","SHORT","MEDIUM","ATTACK_OPP","LINE_CHANGE","FORCED_ERROR","BACKHAND","MEDIUM_RALLY","6","0.6","0.38","0.61","0.58","0.6","0","0","0","0","0.5983328819274902","7","Neutral return","Serve T | Return SHORT | Rally ATTACK_OPP | Finish FORCED_ERROR","Punto in risposta, rally count 6, profilo MEDIUM, momento NEUTRAL, pressione NEUTRAL. Pattern prevalente: Neutral return. Probabilità stimata: 59.8%.","neutral_return_build","N. Djokovic","C. Alcaraz","Roland Garros Sim","Clay","BO3","SF","1","2","1","0","40","40","2026-04-16T08:35:12.872Z"
"sess_1776326470550_6038","1","1","171","0","2","T","SAFE","ANGLED","LONG","NEUTRAL","INSIDE_OUT","FORCED_ERROR","BACKHAND","LONG_RALLY","10","0.6","0.37","0.61","0.58","0.6","1","0","0","0","0.4486711025238037","6","Safe return","Serve T | Return ANGLED | Rally NEUTRAL | Finish FORCED_ERROR","Punto in risposta, rally count 10, profilo LONG, momento NEUTRAL, pressione GAME_POINT_FOR. Pattern prevalente: Safe return. Probabilità stimata: 44.9%.","return_safe","N. Djokovic","C. Alcaraz","Roland Garros Sim","Clay","BO3","SF","1","2","1","0","40","Ad","2026-04-16T08:35:18.812Z"
"sess_1776326470550_6038","1","1","172","1","2","WIDE","SAFE","CENTRAL","LONG","DEFENSE_OPP","NET_APPROACH","WINNER","BACKHAND","LONG_RALLY","10","0.6","0.37","0.61","0.58","0.6","0","0","0","0","0.6636704802513123","3","Serve neutral / mixed","Serve WIDE | Return CENTRAL | Rally DEFENSE_OPP | Finish WINNER","Punto al servizio, rally count 10, profilo LONG, momento NEUTRAL, pressione NEUTRAL. Pattern prevalente: Serve neutral / mixed. Probabilità stimata: 66.4%.","serve_neutral_build","N. Djokovic","C. Alcaraz","Roland Garros Sim","Clay","BO3","SF","1","2","1","1","0","0","2026-04-16T08:35:24.587Z"
"sess_1776326470550_6038","1","1","173","1","2","T","SAFE","DEEP","MEDIUM","NEUTRAL","INSIDE_OUT","WINNER","FOREHAND","MEDIUM_RALLY","6","0.59","0.37","0.61","0.56","0.4","0","0","0","1","0.3913860321044922","3","Serve neutral / mixed","Serve T | Return DEEP | Rally NEUTRAL | Finish WINNER","Punto al servizio, rally count 6, profilo MEDIUM, momento NEUTRAL, pressione NEUTRAL. Pattern prevalente: Serve neutral / mixed. Probabilità stimata: 39.1%.","serve_neutral_build","N. Djokovic","C. Alcaraz","Roland Garros Sim","Clay","BO3","SF","1","2","1","1","0","15","2026-04-16T08:35:30.383Z"
"sess_1776326470550_6038","1","1","174","1","2","T","SAFE","DEEP","MEDIUM","NEUTRAL","NONE","FORCED_ERROR","OTHER","MEDIUM_RALLY","6","0.6","0.37","0.61","0.57","0.4","0","0","0","1","0.3969361186027527","3","Serve neutral / mixed","Serve T | Return DEEP | Rally NEUTRAL | Finish FORCED_ERROR","Punto al servizio, rally count 6, profilo MEDIUM, momento NEUTRAL, pressione NEUTRAL. Pattern prevalente: Serve neutral / mixed. Probabilità stimata: 39.7%.","serve_neutral_build","N. Djokovic","C. Alcaraz","Roland Garros Sim","Clay","BO3","SF","1","2","1","1","15","15","2026-04-16T08:35:35.884Z"
"sess_1776326470550_6038","1","1","175","1","2","WIDE","SAFE","CENTRAL","SHORT","ATTACK_OPP","NONE","FORCED_ERROR","FOREHAND","SHORT_RALLY","2","0.6","0.37","0.61","0.59","0.4","0","0","0","1","0.23581433296203613","3","Serve neutral / mixed","Serve WIDE | Return CENTRAL | Rally ATTACK_OPP | Finish FORCED_ERROR","Punto al servizio, rally count 2, profilo SHORT, momento NEUTRAL, pressione NEUTRAL. Pattern prevalente: Serve neutral / mixed. Probabilità stimata: 23.6%.","serve_neutral_build","N. Djokovic","C. Alcaraz","Roland Garros Sim","Clay","BO3","SF","1","2","1","1","30","15","2026-04-16T08:35:41.647Z"
"sess_1776326470550_6038","1","1","176","1","2","WIDE","WEAK","","SHORT","ATTACK_ME","NONE","UNFORCED_ERROR","SERVE","SERVE_DOMINANT","2","0.6","0.37","0.61","0.6","0.6","1","0","0","1","0.21190263330936432","3","Serve neutral / mixed","Serve WIDE | Rally ATTACK_ME | Finish UNFORCED_ERROR","Punto al servizio, rally count 2, profilo SHORT, momento NEUTRAL, pressione GAME_POINT_FOR. Pattern prevalente: Serve neutral / mixed. Probabilità stimata: 21.2%.","serve_neutral_build","N. Djokovic","C. Alcaraz","Roland Garros Sim","Clay","BO3","SF","1","2","1","1","40","15","2026-04-16T08:35:46.977Z"
"sess_1776326470550_6038","1","1","177","0","1","WIDE","SAFE","DEEP","LONG","NEUTRAL","LOB","UNFORCED_ERROR","FOREHAND","LONG_RALLY","10","0.61","0.37","0.61","0.6","0.8","0","0","0","0","0.6254605650901794","7","Neutral return","Serve WIDE | Return DEEP | Rally NEUTRAL | Finish UNFORCED_ERROR","Punto in risposta, rally count 10, profilo LONG, momento HOT, pressione NEUTRAL. Pattern prevalente: Neutral return. Probabilità stimata: 62.5%.","neutral_return_build","N. Djokovic","C. Alcaraz","Roland Garros Sim","Clay","BO3","SF","1","2","2","1","0","0","2026-04-16T08:35:52.809Z"
"sess_1776326470550_6038","1","1","178","0","2","WIDE","SAFE","CENTRAL","LONG","NEUTRAL","LINE_CHANGE","UNFORCED_ERROR","FOREHAND","LONG_RALLY","10","0.61","0.36","0.61","0.6","0.8","0","0","0","0","0.6413263082504272","7","Neutral return","Serve WIDE | Return CENTRAL | Rally NEUTRAL | Finish UNFORCED_ERROR","Punto in risposta, rally count 10, profilo LONG, momento HOT, pressione NEUTRAL. Pattern prevalente: Neutral return. Probabilità stimata: 64.1%.","neutral_return_build","N. Djokovic","C. Alcaraz","Roland Garros Sim","Clay","BO3","SF","1","2","2","1","0","15","2026-04-16T08:35:58.772Z"
"sess_1776326470550_6038","1","1","179","0","2","BODY","SAFE","DEEP","SHORT","DEFENSE_ME","NONE","FORCED_ERROR","FOREHAND","SHORT_RALLY","2","0.61","0.36","0.61","0.6","0.6","0","0","0","0","0.4587305784225464","7","Neutral return","Serve BODY | Return DEEP | Rally DEFENSE_ME | Finish FORCED_ERROR","Punto in risposta, rally count 2, profilo SHORT, momento NEUTRAL, pressione NEUTRAL. Pattern prevalente: Neutral return. Probabilità stimata: 45.9%.","neutral_return_build","N. Djokovic","C. Alcaraz","Roland Garros Sim","Clay","BO3","SF","1","2","2","1","0","30","2026-04-16T08:36:04.380Z"
"sess_1776326470550_6038","1","1","180","0","2","WIDE","WEAK","SHORT","MEDIUM","ATTACK_OPP","NONE","FORCED_ERROR","BACKHAND","MEDIUM_RALLY","6","0.61","0.36","0.61","0.6","0.4","1","0","0","1","0.45464274287223816","7","Neutral return","Serve WIDE | Return SHORT | Rally ATTACK_OPP | Finish FORCED_ERROR","Punto in risposta, rally count 6, profilo MEDIUM, momento NEUTRAL, pressione GAME_POINT_FOR. Pattern prevalente: Neutral return. Probabilità stimata: 45.5%.","neutral_return_build","N. Djokovic","C. Alcaraz","Roland Garros Sim","Clay","BO3","SF","1","2","2","1","0","40","2026-04-16T08:36:10.012Z"
"sess_1776326470550_6038","1","1","181","0","2","T","SAFE","CENTRAL","MEDIUM","ATTACK_OPP","INSIDE_OUT","FORCED_ERROR","BACKHAND","MEDIUM_RALLY","6","0.61","0.36","0.61","0.6","0.4","1","0","0","1","0.45464274287223816","7","Neutral return","Serve T | Return CENTRAL | Rally ATTACK_OPP | Finish FORCED_ERROR","Punto in risposta, rally count 6, profilo MEDIUM, momento NEUTRAL, pressione GAME_POINT_FOR. Pattern prevalente: Neutral return. Probabilità stimata: 45.5%.","neutral_return_build","N. Djokovic","C. Alcaraz","Roland Garros Sim","Clay","BO3","SF","1","2","2","1","15","40","2026-04-16T08:36:15.849Z"
"sess_1776326470550_6038","1","1","182","0","1","WIDE","WEAK","ANGLED","SHORT","DEFENSE_ME","NONE","UNFORCED_ERROR","FOREHAND","SHORT_RALLY","2","0.61","0.37","0.61","0.6","0.4","1","0","0","0","0.611160933971405","7","Neutral return","Serve WIDE | Return ANGLED | Rally DEFENSE_ME | Finish UNFORCED_ERROR","Punto in risposta, rally count 2, profilo SHORT, momento NEUTRAL, pressione GAME_POINT_FOR. Pattern prevalente: Neutral return. Probabilità stimata: 61.1%.","neutral_return_build","N. Djokovic","C. Alcaraz","Roland Garros Sim","Clay","BO3","SF","1","2","2","1","30","40","2026-04-16T08:36:21.481Z"
"sess_1776326470550_6038","1","1","183","1","1","BODY","SAFE","AGGRESSIVE","MEDIUM","ATTACK_ME","PASSING","FORCED_ERROR","PASSING","PASSING_LOB","6","0.61","0.37","0.61","0.6","0.4","0","0","0","0","0.383877158164978","3","Serve neutral / mixed","Serve BODY | Return AGGRESSIVE | Rally ATTACK_ME | Finish FORCED_ERROR","Punto al servizio, rally count 6, profilo MEDIUM, momento NEUTRAL, pressione NEUTRAL. Pattern prevalente: Serve neutral / mixed. Probabilità stimata: 38.4%.","serve_neutral_build","N. Djokovic","C. Alcaraz","Roland Garros Sim","Clay","BO3","SF","1","2","2","2","0","0","2026-04-16T08:36:27.216Z"
"sess_1776326470550_6038","1","1","184","1","2","T","WEAK","CENTRAL","LONG","NEUTRAL","NONE","UNFORCED_ERROR","BACKHAND","DEFENSE_RECOVERY","10","0.6","0.37","0.6","0.6","0.4","0","0","0","1","0.6088858246803284","3","Serve neutral / mixed","Serve T | Return CENTRAL | Rally NEUTRAL | Finish UNFORCED_ERROR","Punto al servizio, rally count 10, profilo LONG, momento NEUTRAL, pressione NEUTRAL. Pattern prevalente: Serve neutral / mixed. Probabilità stimata: 60.9%.","serve_neutral_build","N. Djokovic","C. Alcaraz","Roland Garros Sim","Clay","BO3","SF","1","2","2","2","0","15","2026-04-16T08:36:32.950Z"
"sess_1776326470550_6038","1","1","185","1","1","T","SAFE","","SHORT","ATTACK_ME","NONE","WINNER","SERVE","SERVE_DOMINANT","2","0.61","0.37","0.6","0.61","0.6","0","0","0","1","0.21288242936134338","3","Serve neutral / mixed","Serve T | Rally ATTACK_ME | Finish WINNER","Punto al servizio, rally count 2, profilo SHORT, momento NEUTRAL, pressione NEUTRAL. Pattern prevalente: Serve neutral / mixed. Probabilità stimata: 21.3%.","serve_neutral_build","N. Djokovic","C. Alcaraz","Roland Garros Sim","Clay","BO3","SF","1","2","2","2","15","15","2026-04-16T08:36:38.283Z"
"sess_1776326470550_6038","1","1","186","1","1","BODY","AGGRESSIVE","BLOCKED","MEDIUM","ATTACK_ME","NONE","FORCED_ERROR","SMASH","SHORT_BALL_ATTACK","6","0.61","0.37","0.61","0.61","0.6","0","0","0","1","0.49383318424224854","3","Serve neutral / mixed","Serve BODY | Return BLOCKED | Rally ATTACK_ME | Finish FORCED_ERROR","Punto al servizio, rally count 6, profilo MEDIUM, momento NEUTRAL, pressione NEUTRAL. Pattern prevalente: Serve neutral / mixed. Probabilità stimata: 49.4%.","serve_neutral_build","N. Djokovic","C. Alcaraz","Roland Garros Sim","Clay","BO3","SF","1","2","2","2","30","15","2026-04-16T08:36:43.804Z"
"sess_1776326470550_6038","1","1","187","1","1","WIDE","AGGRESSIVE","DEEP","SHORT","ATTACK_ME","NET_APPROACH","WINNER","SMASH","NET_PLAY","2","0.61","0.37","0.62","0.61","0.6","1","0","0","0","0.22126354277133942","3","Serve neutral / mixed","Serve WIDE | Return DEEP | Rally ATTACK_ME | Finish WINNER","Punto al servizio, rally count 2, profilo SHORT, momento NEUTRAL, pressione GAME_POINT_FOR. Pattern prevalente: Serve neutral / mixed. Probabilità stimata: 22.1%.","serve_neutral_build","N. Djokovic","C. Alcaraz","Roland Garros Sim","Clay","BO3","SF","1","2","2","2","40","15","2026-04-16T08:36:49.744Z"
"sess_1776326470550_6038","1","1","188","1","1","BODY","SAFE","SHORT","LONG","ATTACK_OPP","LINE_CHANGE","FORCED_ERROR","FOREHAND","LONG_RALLY","10","0.61","0.37","0.6","0.61","0.6","1","0","0","0","0.7173775434494019","3","Serve neutral / mixed","Serve BODY | Return SHORT | Rally ATTACK_OPP | Finish FORCED_ERROR","Punto al servizio, rally count 10, profilo LONG, momento NEUTRAL, pressione GAME_POINT_FOR. Pattern prevalente: Serve neutral / mixed. Probabilità stimata: 71.7%.","serve_neutral_build","N. Djokovic","C. Alcaraz","Roland Garros Sim","Clay","BO3","SF","1","2","2","2","40","30","2026-04-16T08:36:55.683Z"
"sess_1776326470550_6038","1","1","189","1","1","BODY","AGGRESSIVE","","SHORT","NEUTRAL","NONE","UNFORCED_ERROR","FOREHAND","SERVE_DOMINANT","2","0.6","0.37","0.59","0.61","0.6","0","0","0","1","0.21292534470558167","1","Serve safe / percentage","Serve BODY | Rally NEUTRAL | Finish UNFORCED_ERROR","Punto al servizio, rally count 2, profilo SHORT, momento NEUTRAL, pressione NEUTRAL. Pattern prevalente: Serve safe / percentage. Probabilità stimata: 21.3%.","serve_plus_one_safe","N. Djokovic","C. Alcaraz","Roland Garros Sim","Clay","BO3","SF","1","2","2","2","40","40","2026-04-16T08:37:01.008Z"
"sess_1776326470550_6038","1","1","190","1","1","T","SAFE","","SHORT","ATTACK_ME","NONE","FORCED_ERROR","BACKHAND","SERVE_DOMINANT","2","0.61","0.37","0.6","0.61","0.6","1","0","0","1","0.21368645131587982","3","Serve neutral / mixed","Serve T | Rally ATTACK_ME | Finish FORCED_ERROR","Punto al servizio, rally count 2, profilo SHORT, momento NEUTRAL, pressione GAME_POINT_FOR. Pattern prevalente: Serve neutral / mixed. Probabilità stimata: 21.4%.","serve_neutral_build","N. Djokovic","C. Alcaraz","Roland Garros Sim","Clay","BO3","SF","1","2","2","2","Ad","40","2026-04-16T08:37:06.437Z"
"sess_1776326470550_6038","1","1","191","0","2","BODY","AGGRESSIVE","BLOCKED","LONG","NEUTRAL","NONE","FORCED_ERROR","FOREHAND","LONG_RALLY","10","0.61","0.37","0.61","0.61","0.6","0","0","0","0","0.35251855850219727","7","Neutral return","Serve BODY | Return BLOCKED | Rally NEUTRAL | Finish FORCED_ERROR","Punto in risposta, rally count 10, profilo LONG, momento NEUTRAL, pressione NEUTRAL. Pattern prevalente: Neutral return. Probabilità stimata: 35.3%.","neutral_return_build","N. Djokovic","C. Alcaraz","Roland Garros Sim","Clay","BO3","SF","1","2","3","2","0","0","2026-04-16T08:37:12.067Z"
"sess_1776326470550_6038","1","1","192","0","2","WIDE","WEAK","CENTRAL","MEDIUM","DEFENSE_ME","DROP_SHOT","UNFORCED_ERROR","FOREHAND","SHORT_BALL_ATTACK","6","0.61","0.36","0.61","0.61","0.4","0","0","0","0","0.4515951871871948","7","Neutral return","Serve WIDE | Return CENTRAL | Rally DEFENSE_ME | Finish UNFORCED_ERROR","Punto in risposta, rally count 6, profilo MEDIUM, momento NEUTRAL, pressione NEUTRAL. Pattern prevalente: Neutral return. Probabilità stimata: 45.2%.","neutral_return_build","N. Djokovic","C. Alcaraz","Roland Garros Sim","Clay","BO3","SF","1","2","3","2","0","15","2026-04-16T08:37:17.802Z"
"sess_1776326470550_6038","1","1","193","0","1","T","WEAK","DEEP","SHORT","NEUTRAL","NET_APPROACH","UNFORCED_ERROR","VOLLEY","NET_PLAY","2","0.61","0.36","0.61","0.61","0.4","0","0","0","0","0.5929398536682129","7","Neutral return","Serve T | Return DEEP | Rally NEUTRAL | Finish UNFORCED_ERROR","Punto in risposta, rally count 2, profilo SHORT, momento NEUTRAL, pressione NEUTRAL. Pattern prevalente: Neutral return. Probabilità stimata: 59.3%.","neutral_return_build","N. Djokovic","C. Alcaraz","Roland Garros Sim","Clay","BO3","SF","1","2","3","2","0","30","2026-04-16T08:37:23.536Z"
"sess_1776326470550_6038","1","1","194","0","1","BODY","SAFE","ANGLED","LONG","ATTACK_ME","INSIDE_OUT","UNFORCED_ERROR","BACKHAND","LONG_RALLY","10","0.61","0.35","0.61","0.61","0.4","1","0","0","1","0.2681829333305359","6","Safe return","Serve BODY | Return ANGLED | Rally ATTACK_ME | Finish UNFORCED_ERROR","Punto in risposta, rally count 10, profilo LONG, momento NEUTRAL, pressione GAME_POINT_FOR. Pattern prevalente: Safe return. Probabilità stimata: 26.8%.","return_safe","N. Djokovic","C. Alcaraz","Roland Garros Sim","Clay","BO3","SF","1","2","3","2","0","40","2026-04-16T08:37:29.373Z"
"sess_1776326470550_6038","1","1","195","0","2","T","SAFE","AGGRESSIVE","SHORT","ATTACK_ME","NONE","FORCED_ERROR","FOREHAND","AGGRESSIVE_RETURN","2","0.61","0.36","0.61","0.61","0.4","1","0","0","1","0.6392800807952881","7","Neutral return","Serve T | Return AGGRESSIVE | Rally ATTACK_ME | Finish FORCED_ERROR","Punto in risposta, rally count 2, profilo SHORT, momento NEUTRAL, pressione GAME_POINT_FOR. Pattern prevalente: Neutral return. Probabilità stimata: 63.9%.","neutral_return_build","N. Djokovic","C. Alcaraz","Roland Garros Sim","Clay","BO3","SF","1","2","3","2","15","40","2026-04-16T08:37:35.005Z"
"sess_1776326470550_6038","1","1","196","0","2","T","SAFE","DEEP","MEDIUM","NEUTRAL","LINE_CHANGE","FORCED_ERROR","FOREHAND","MEDIUM_RALLY","6","0.61","0.37","0.61","0.61","0.4","1","0","0","0","0.45694077014923096","7","Neutral return","Serve T | Return DEEP | Rally NEUTRAL | Finish FORCED_ERROR","Punto in risposta, rally count 6, profilo MEDIUM, momento NEUTRAL, pressione GAME_POINT_FOR. Pattern prevalente: Neutral return. Probabilità stimata: 45.7%.","neutral_return_build","N. Djokovic","C. Alcaraz","Roland Garros Sim","Clay","BO3","SF","1","2","3","2","30","40","2026-04-16T08:37:40.774Z"
"sess_1776326470550_6038","1","1","197","1","2","WIDE","SAFE","DEEP","MEDIUM","NEUTRAL","NONE","UNFORCED_ERROR","FOREHAND","MEDIUM_RALLY","6","0.61","0.36","0.61","0.61","0.4","0","0","0","0","0.4322910010814667","3","Serve neutral / mixed","Serve WIDE | Return DEEP | Rally NEUTRAL | Finish UNFORCED_ERROR","Punto al servizio, rally count 6, profilo MEDIUM, momento NEUTRAL, pressione NEUTRAL. Pattern prevalente: Serve neutral / mixed. Probabilità stimata: 43.2%.","serve_neutral_build","N. Djokovic","C. Alcaraz","Roland Garros Sim","Clay","BO3","SF","1","2","3","3","0","0","2026-04-16T08:37:46.576Z"
"sess_1776326470550_6038","1","1","198","1","2","WIDE","WEAK","DEEP","SHORT","ATTACK_ME","INSIDE_OUT","FORCED_ERROR","FOREHAND","SHORT_RALLY","2","0.6","0.36","0.61","0.6","0.4","0","0","0","0","0.24401263892650604","3","Serve neutral / mixed","Serve WIDE | Return DEEP | Rally ATTACK_ME | Finish FORCED_ERROR","Punto al servizio, rally count 2, profilo SHORT, momento NEUTRAL, pressione NEUTRAL. Pattern prevalente: Serve neutral / mixed. Probabilità stimata: 24.4%.","serve_neutral_build","N. Djokovic","C. Alcaraz","Roland Garros Sim","Clay","BO3","SF","1","2","3","3","0","15","2026-04-16T08:37:52.311Z"
"sess_1776326470550_6038","1","1","199","1","1","WIDE","WEAK","","SHORT","ATTACK_ME","NONE","UNFORCED_ERROR","FOREHAND","SERVE_DOMINANT","2","0.6","0.36","0.61","0.59","0.4","0","0","0","1","0.2417827546596527","3","Serve neutral / mixed","Serve WIDE | Rally ATTACK_ME | Finish UNFORCED_ERROR","Punto al servizio, rally count 2, profilo SHORT, momento NEUTRAL, pressione NEUTRAL. Pattern prevalente: Serve neutral / mixed. Probabilità stimata: 24.2%.","serve_neutral_build","N. Djokovic","C. Alcaraz","Roland Garros Sim","Clay","BO3","SF","1","2","3","3","0","30","2026-04-16T08:37:57.636Z"
"sess_1776326470550_6038","1","1","200","1","1","BODY","SAFE","ANGLED","MEDIUM","NEUTRAL","NONE","UNFORCED_ERROR","FOREHAND","MEDIUM_RALLY","6","0.6","0.36","0.61","0.59","0.4","0","0","0","0","0.3824305534362793","3","Serve neutral / mixed","Serve BODY | Return ANGLED | Rally NEUTRAL | Finish UNFORCED_ERROR","Punto al servizio, rally count 6, profilo MEDIUM, momento NEUTRAL, pressione NEUTRAL. Pattern prevalente: Serve neutral / mixed. Probabilità stimata: 38.2%.","serve_neutral_build","N. Djokovic","C. Alcaraz","Roland Garros Sim","Clay","BO3","SF","1","2","3","3","15","30","2026-04-16T08:38:03.885Z"
"sess_1776326470550_6038","1","1","201","1","1","T","AGGRESSIVE","CENTRAL","LONG","NEUTRAL","NONE","UNFORCED_ERROR","FOREHAND","LONG_RALLY","10","0.6","0.36","0.6","0.59","0.2","0","1","1","1","0.3841186761856079","1","Serve safe / percentage","Serve T | Return CENTRAL | Rally NEUTRAL | Finish UNFORCED_ERROR","Punto al servizio, rally count 10, profilo LONG, momento COLD, pressione GAME_POINT_AGAINST. Pattern prevalente: Serve safe / percentage. Probabilità stimata: 38.4%.","serve_plus_one_safe","N. Djokovic","C. Alcaraz","Roland Garros Sim","Clay","BO3","SF","1","2","3","3","15","40","2026-04-16T08:38:08.797Z"
"sess_1776326470550_6038","1","1","202","1","1","WIDE","WEAK","DEEP","SHORT","ATTACK_ME","NONE","FORCED_ERROR","BACKHAND","SHORT_RALLY","2","0.6","0.36","0.61","0.59","0.4","0","1","1","1","0.3553371727466583","1","Serve safe / percentage","Serve WIDE | Return DEEP | Rally ATTACK_ME | Finish FORCED_ERROR","Punto al servizio, rally count 2, profilo SHORT, momento NEUTRAL, pressione GAME_POINT_AGAINST. Pattern prevalente: Serve safe / percentage. Probabilità stimata: 35.5%.","serve_plus_one_safe","N. Djokovic","C. Alcaraz","Roland Garros Sim","Clay","BO3","SF","1","2","3","3","30","40","2026-04-16T08:38:14.634Z"
"sess_1776326470550_6038","1","1","203","1","2","WIDE","WEAK","CENTRAL","SHORT","DEFENSE_OPP","DROP_SHOT","FORCED_ERROR","FOREHAND","SHORT_RALLY","2","0.6","0.36","0.62","0.59","0.6","0","0","0","1","0.20907367765903473","3","Serve neutral / mixed","Serve WIDE | Return CENTRAL | Rally DEFENSE_OPP | Finish FORCED_ERROR","Punto al servizio, rally count 2, profilo SHORT, momento NEUTRAL, pressione NEUTRAL. Pattern prevalente: Serve neutral / mixed. Probabilità stimata: 20.9%.","serve_neutral_build","N. Djokovic","C. Alcaraz","Roland Garros Sim","Clay","BO3","SF","1","2","3","3","40","40","2026-04-16T08:38:20.471Z"
"sess_1776326470550_6038","1","1","204","1","2","T","SAFE","DEEP","SHORT","ATTACK_OPP","NET_APPROACH","UNFORCED_ERROR","VOLLEY","SHORT_RALLY","2","0.61","0.36","0.62","0.6","0.8","1","0","0","0","0.6752076148986816","3","Serve neutral / mixed","Serve T | Return DEEP | Rally ATTACK_OPP | Finish UNFORCED_ERROR","Punto al servizio, rally count 2, profilo SHORT, momento HOT, pressione GAME_POINT_FOR. Pattern prevalente: Serve neutral / mixed. Probabilità stimata: 67.5%.","serve_neutral_build","N. Djokovic","C. Alcaraz","Roland Garros Sim","Clay","BO3","SF","1","2","3","3","Ad","40","2026-04-16T08:38:26.103Z"
"sess_1776326470550_6038","1","1","205","1","1","WIDE","WEAK","DEEP","SHORT","ATTACK_ME","NET_APPROACH","UNFORCED_ERROR","FOREHAND","SHORT_RALLY","2","0.6","0.36","0.62","0.58","0.6","0","0","0","0","0.22078268229961395","3","Serve neutral / mixed","Serve WIDE | Return DEEP | Rally ATTACK_ME | Finish UNFORCED_ERROR","Punto al servizio, rally count 2, profilo SHORT, momento NEUTRAL, pressione NEUTRAL. Pattern prevalente: Serve neutral / mixed. Probabilità stimata: 22.1%.","serve_neutral_build","N. Djokovic","C. Alcaraz","Roland Garros Sim","Clay","BO3","SF","1","2","3","3","40","40","2026-04-16T08:38:32.042Z"
"sess_1776326470550_6038","1","1","206","1","1","T","SAFE","DEEP","SHORT","NEUTRAL","NONE","FORCED_ERROR","FOREHAND","SHORT_RALLY","2","0.6","0.36","0.61","0.58","0.6","0","1","1","1","0.37117084860801697","1","Serve safe / percentage","Serve T | Return DEEP | Rally NEUTRAL | Finish FORCED_ERROR","Punto al servizio, rally count 2, profilo SHORT, momento NEUTRAL, pressione GAME_POINT_AGAINST. Pattern prevalente: Serve safe / percentage. Probabilità stimata: 37.1%.","serve_plus_one_safe","N. Djokovic","C. Alcaraz","Roland Garros Sim","Clay","BO3","SF","1","2","3","3","40","Ad","2026-04-16T08:38:37.879Z"
"sess_1776326470550_6038","1","1","207","1","1","T","SAFE","ANGLED","SHORT","DEFENSE_ME","NONE","FORCED_ERROR","BACKHAND","SHORT_RALLY","2","0.6","0.36","0.61","0.58","0.6","0","0","0","0","0.22078268229961395","3","Serve neutral / mixed","Serve T | Return ANGLED | Rally DEFENSE_ME | Finish FORCED_ERROR","Punto al servizio, rally count 2, profilo SHORT, momento NEUTRAL, pressione NEUTRAL. Pattern prevalente: Serve neutral / mixed. Probabilità stimata: 22.1%.","serve_neutral_build","N. Djokovic","C. Alcaraz","Roland Garros Sim","Clay","BO3","SF","1","2","3","3","40","40","2026-04-16T08:38:43.306Z"
"sess_1776326470550_6038","1","1","208","1","1","BODY","AGGRESSIVE","BLOCKED","MEDIUM","ATTACK_ME","NONE","WINNER","FOREHAND","SHORT_BALL_ATTACK","6","0.59","0.36","0.6","0.58","0.4","0","1","1","1","0.6440029144287109","1","Serve safe / percentage","Serve BODY | Return BLOCKED | Rally ATTACK_ME | Finish WINNER","Punto al servizio, rally count 6, profilo MEDIUM, momento NEUTRAL, pressione GAME_POINT_AGAINST. Pattern prevalente: Serve safe / percentage. Probabilità stimata: 64.4%.","serve_plus_one_safe","N. Djokovic","C. Alcaraz","Roland Garros Sim","Clay","BO3","SF","1","2","3","3","40","Ad","2026-04-16T08:38:48.938Z"
"sess_1776326470550_6038","1","1","209","1","2","T","SAFE","","SHORT","ATTACK_OPP","NONE","WINNER","SERVE","SERVE_DOMINANT","2","0.6","0.36","0.61","0.58","0.4","0","0","0","1","0.23182515799999237","3","Serve neutral / mixed","Serve T | Rally ATTACK_OPP | Finish WINNER","Punto al servizio, rally count 2, profilo SHORT, momento NEUTRAL, pressione NEUTRAL. Pattern prevalente: Serve neutral / mixed. Probabilità stimata: 23.2%.","serve_neutral_build","N. Djokovic","C. Alcaraz","Roland Garros Sim","Clay","BO3","SF","1","2","3","3","40","40","2026-04-16T08:38:54.366Z"
"sess_1776326470550_6038","1","1","210","1","1","T","AGGRESSIVE","ANGLED","MEDIUM","DEFENSE_ME","NONE","WINNER","BACKHAND","SHORT_BALL_ATTACK","6","0.6","0.36","0.61","0.59","0.6","1","0","0","0","0.5331184267997742","3","Serve neutral / mixed","Serve T | Return ANGLED | Rally DEFENSE_ME | Finish WINNER","Punto al servizio, rally count 6, profilo MEDIUM, momento NEUTRAL, pressione GAME_POINT_FOR. Pattern prevalente: Serve neutral / mixed. Probabilità stimata: 53.3%.","serve_neutral_build","N. Djokovic","C. Alcaraz","Roland Garros Sim","Clay","BO3","SF","1","2","3","3","Ad","40","2026-04-16T08:38:59.998Z"
"sess_1776326470550_6038","1","1","211","1","1","WIDE","SAFE","DEEP","MEDIUM","DEFENSE_ME","DROP_SHOT","UNFORCED_ERROR","FOREHAND","SHORT_BALL_ATTACK","6","0.6","0.36","0.6","0.59","0.6","0","0","0","0","0.4923033118247986","3","Serve neutral / mixed","Serve WIDE | Return DEEP | Rally DEFENSE_ME | Finish UNFORCED_ERROR","Punto al servizio, rally count 6, profilo MEDIUM, momento NEUTRAL, pressione NEUTRAL. Pattern prevalente: Serve neutral / mixed. Probabilità stimata: 49.2%.","serve_neutral_build","N. Djokovic","C. Alcaraz","Roland Garros Sim","Clay","BO3","SF","1","2","3","3","40","40","2026-04-16T08:39:05.937Z"
"sess_1776326470550_6038","1","1","212","1","1","BODY","AGGRESSIVE","DEEP","MEDIUM","NEUTRAL","NET_APPROACH","UNFORCED_ERROR","OTHER","MEDIUM_RALLY","6","0.59","0.36","0.59","0.59","0.4","0","1","1","0","0.6440029144287109","1","Serve safe / percentage","Serve BODY | Return DEEP | Rally NEUTRAL | Finish UNFORCED_ERROR","Punto al servizio, rally count 6, profilo MEDIUM, momento NEUTRAL, pressione GAME_POINT_AGAINST. Pattern prevalente: Serve safe / percentage. Probabilità stimata: 64.4%.","serve_plus_one_safe","N. Djokovic","C. Alcaraz","Roland Garros Sim","Clay","BO3","SF","1","2","3","3","40","Ad","2026-04-16T08:39:11.774Z"
"sess_1776326470550_6038","1","1","213","0","1","WIDE","WEAK","DEEP","SHORT","NEUTRAL","DROP_SHOT","UNFORCED_ERROR","BACKHAND","SHORT_RALLY","2","0.59","0.36","0.58","0.59","0.4","0","0","0","0","0.5973193049430847","7","Neutral return","Serve WIDE | Return DEEP | Rally NEUTRAL | Finish UNFORCED_ERROR","Punto in risposta, rally count 2, profilo SHORT, momento NEUTRAL, pressione NEUTRAL. Pattern prevalente: Neutral return. Probabilità stimata: 59.7%.","neutral_return_build","N. Djokovic","C. Alcaraz","Roland Garros Sim","Clay","BO3","SF","1","2","3","4","0","0","2026-04-16T08:39:17.510Z"
"sess_1776326470550_6038","1","1","214","0","2","WIDE","AGGRESSIVE","DEEP","SHORT","DEFENSE_ME","INSIDE_IN","UNFORCED_ERROR","OTHER","AGGRESSIVE_RETURN","2","0.59","0.36","0.58","0.59","0.2","0","0","0","1","0.13531923294067383","6","Safe return","Serve WIDE | Return DEEP | Rally DEFENSE_ME | Finish UNFORCED_ERROR","Punto in risposta, rally count 2, profilo SHORT, momento COLD, pressione NEUTRAL. Pattern prevalente: Safe return. Probabilità stimata: 13.5%.","return_safe","N. Djokovic","C. Alcaraz","Roland Garros Sim","Clay","BO3","SF","1","2","3","4","0","15","2026-04-16T08:39:23.685Z"
"sess_1776326470550_6038","1","1","215","0","1","BODY","SAFE","AGGRESSIVE","SHORT","ATTACK_ME","NONE","WINNER","FOREHAND","AGGRESSIVE_RETURN","2","0.59","0.37","0.58","0.59","0.2","0","0","0","1","0.11106028407812119","6","Safe return","Serve BODY | Return AGGRESSIVE | Rally ATTACK_ME | Finish WINNER","Punto in risposta, rally count 2, profilo SHORT, momento COLD, pressione NEUTRAL. Pattern prevalente: Safe return. Probabilità stimata: 11.1%.","return_safe","N. Djokovic","C. Alcaraz","Roland Garros Sim","Clay","BO3","SF","1","2","3","4","15","15","2026-04-16T08:39:28.991Z"
"sess_1776326470550_6038","1","1","216","0","1","T","SAFE","CENTRAL","SHORT","ATTACK_OPP","NET_APPROACH","WINNER","OTHER","NET_PLAY","2","0.59","0.37","0.58","0.59","0.4","0","0","0","1","0.5991010665893555","7","Neutral return","Serve T | Return CENTRAL | Rally ATTACK_OPP | Finish WINNER","Punto in risposta, rally count 2, profilo SHORT, momento NEUTRAL, pressione NEUTRAL. Pattern prevalente: Neutral return. Probabilità stimata: 59.9%.","neutral_return_build","N. Djokovic","C. Alcaraz","Roland Garros Sim","Clay","BO3","SF","1","2","3","4","30","15","2026-04-16T08:39:34.781Z"
"sess_1776326470550_6038","1","1","217","0","1","T","AGGRESSIVE","AGGRESSIVE","SHORT","ATTACK_OPP","INSIDE_IN","WINNER","FOREHAND","AGGRESSIVE_RETURN","2","0.59","0.38","0.58","0.59","0.6","0","1","1","1","0.6239747405052185","5","Aggressive return","Serve T | Return AGGRESSIVE | Rally ATTACK_OPP | Finish WINNER","Punto in risposta, rally count 2, profilo SHORT, momento NEUTRAL, pressione GAME_POINT_AGAINST. Pattern prevalente: Aggressive return. Probabilità stimata: 62.4%.","return_pressure","N. Djokovic","C. Alcaraz","Roland Garros Sim","Clay","BO3","SF","1","2","3","4","40","15","2026-04-16T08:39:40.651Z"
"sess_1776326470550_6038","1","1","218","1","1","WIDE","SAFE","","SHORT","ATTACK_ME","NONE","WINNER","FOREHAND","SERVE_DOMINANT","2","0.59","0.39","0.58","0.59","0.8","0","0","0","1","0.6806076765060425","1","Serve safe / percentage","Serve WIDE | Rally ATTACK_ME | Finish WINNER","Punto al servizio, rally count 2, profilo SHORT, momento HOT, pressione NEUTRAL. Pattern prevalente: Serve safe / percentage. Probabilità stimata: 68.1%.","serve_plus_one_safe","N. Djokovic","C. Alcaraz","Roland Garros Sim","Clay","BO3","SF","1","2","4","4","0","0","2026-04-16T08:39:46.183Z"
"sess_1776326470550_6038","1","1","219","1","1","T","SAFE","DEEP","SHORT","NEUTRAL","NONE","WINNER","FOREHAND","SHORT_RALLY","2","0.59","0.39","0.59","0.59","1","0","0","0","1","0.9995889067649841","1","Serve safe / percentage","Serve T | Return DEEP | Rally NEUTRAL | Finish WINNER","Punto al servizio, rally count 2, profilo SHORT, momento HOT, pressione NEUTRAL. Pattern prevalente: Serve safe / percentage. Probabilità stimata: 100.0%.","serve_plus_one_safe","N. Djokovic","C. Alcaraz","Roland Garros Sim","Clay","BO3","SF","1","2","4","4","15","0","2026-04-16T08:39:51.784Z"
"sess_1776326470550_6038","1","1","220","1","2","T","SAFE","ANGLED","MEDIUM","ATTACK_OPP","INSIDE_OUT","WINNER","FOREHAND","MEDIUM_RALLY","6","0.59","0.39","0.59","0.59","1","0","0","0","1","0.9996511936187744","1","Serve safe / percentage","Serve T | Return ANGLED | Rally ATTACK_OPP | Finish WINNER","Punto al servizio, rally count 6, profilo MEDIUM, momento HOT, pressione NEUTRAL. Pattern prevalente: Serve safe / percentage. Probabilità stimata: 100.0%.","serve_plus_one_safe","N. Djokovic","C. Alcaraz","Roland Garros Sim","Clay","BO3","SF","1","2","4","4","30","0","2026-04-16T08:39:57.547Z"
"sess_1776326470550_6038","1","1","221","1","1","BODY","AGGRESSIVE","CENTRAL","SHORT","NEUTRAL","NET_APPROACH","FORCED_ERROR","BACKHAND","NET_PLAY","2","0.6","0.39","0.59","0.6","1","1","0","0","0","0.9995811581611633","1","Serve safe / percentage","Serve BODY | Return CENTRAL | Rally NEUTRAL | Finish FORCED_ERROR","Punto al servizio, rally count 2, profilo SHORT, momento HOT, pressione GAME_POINT_FOR. Pattern prevalente: Serve safe / percentage. Probabilità stimata: 100.0%.","serve_plus_one_safe","N. Djokovic","C. Alcaraz","Roland Garros Sim","Clay","BO3","SF","1","2","4","4","40","0","2026-04-16T08:40:03.384Z"
"sess_1776326470550_6038","1","1","222","1","2","WIDE","WEAK","CENTRAL","LONG","DEFENSE_OPP","LINE_CHANGE","UNFORCED_ERROR","BACKHAND","LONG_RALLY","10","0.59","0.39","0.59","0.6","0.8","1","0","0","1","0.8789243698120117","1","Serve safe / percentage","Serve WIDE | Return CENTRAL | Rally DEFENSE_OPP | Finish UNFORCED_ERROR","Punto al servizio, rally count 10, profilo LONG, momento HOT, pressione GAME_POINT_FOR. Pattern prevalente: Serve safe / percentage. Probabilità stimata: 87.9%.","serve_plus_one_safe","N. Djokovic","C. Alcaraz","Roland Garros Sim","Clay","BO3","SF","1","2","4","4","40","15","2026-04-16T08:40:09.221Z"
"sess_1776326470550_6038","1","1","223","0","1","T","AGGRESSIVE","CENTRAL","LONG","ATTACK_ME","NET_APPROACH","FORCED_ERROR","FOREHAND","LONG_RALLY","10","0.6","0.39","0.59","0.61","0.8","0","0","0","0","0.6491597890853882","7","Neutral return","Serve T | Return CENTRAL | Rally ATTACK_ME | Finish FORCED_ERROR","Punto in risposta, rally count 10, profilo LONG, momento HOT, pressione NEUTRAL. Pattern prevalente: Neutral return. Probabilità stimata: 64.9%.","neutral_return_build","N. Djokovic","C. Alcaraz","Roland Garros Sim","Clay","BO3","SF","1","2","5","4","0","0","2026-04-16T08:40:15.058Z"
"sess_1776326470550_6038","1","1","224","0","2","T","SAFE","DEEP","LONG","ATTACK_ME","NONE","UNFORCED_ERROR","FOREHAND","DEFENSE_RECOVERY","10","0.6","0.38","0.59","0.61","0.6","0","0","0","1","0.3622359335422516","7","Neutral return","Serve T | Return DEEP | Rally ATTACK_ME | Finish UNFORCED_ERROR","Punto in risposta, rally count 10, profilo LONG, momento NEUTRAL, pressione NEUTRAL. Pattern prevalente: Neutral return. Probabilità stimata: 36.2%.","neutral_return_build","N. Djokovic","C. Alcaraz","Roland Garros Sim","Clay","BO3","SF","1","2","5","4","0","15","2026-04-16T08:40:20.690Z"
"sess_1776326470550_6038","1","1","225","0","1","WIDE","SAFE","SHORT","LONG","NEUTRAL","NONE","WINNER","FOREHAND","LONG_RALLY","10","0.6","0.39","0.59","0.61","0.6","0","0","0","1","0.3342220187187195","7","Neutral return","Serve WIDE | Return SHORT | Rally NEUTRAL | Finish WINNER","Punto in risposta, rally count 10, profilo LONG, momento NEUTRAL, pressione NEUTRAL. Pattern prevalente: Neutral return. Probabilità stimata: 33.4%.","neutral_return_build","N. Djokovic","C. Alcaraz","Roland Garros Sim","Clay","BO3","SF","1","2","5","4","15","15","2026-04-16T08:40:26.423Z"
"sess_1776326470550_6038","1","1","226","0","2","BODY","SAFE","ANGLED","LONG","NEUTRAL","NONE","WINNER","BACKHAND","LONG_RALLY","10","0.6","0.39","0.59","0.61","0.6","0","0","0","0","0.3622359335422516","7","Neutral return","Serve BODY | Return ANGLED | Rally NEUTRAL | Finish WINNER","Punto in risposta, rally count 10, profilo LONG, momento NEUTRAL, pressione NEUTRAL. Pattern prevalente: Neutral return. Probabilità stimata: 36.2%.","neutral_return_build","N. Djokovic","C. Alcaraz","Roland Garros Sim","Clay","BO3","SF","1","2","5","4","30","15","2026-04-16T08:40:31.954Z"
"sess_1776326470550_6038","1","1","227","0","1","WIDE","SAFE","CENTRAL","SHORT","NEUTRAL","NET_APPROACH","UNFORCED_ERROR","VOLLEY","SHORT_RALLY","2","0.6","0.39","0.59","0.61","0.6","0","0","0","1","0.41187554597854614","7","Neutral return","Serve WIDE | Return CENTRAL | Rally NEUTRAL | Finish UNFORCED_ERROR","Punto in risposta, rally count 2, profilo SHORT, momento NEUTRAL, pressione NEUTRAL. Pattern prevalente: Neutral return. Probabilità stimata: 41.2%.","neutral_return_build","N. Djokovic","C. Alcaraz","Roland Garros Sim","Clay","BO3","SF","1","2","5","4","30","30","2026-04-16T08:40:37.791Z"
"sess_1776326470550_6038","1","1","228","0","1","WIDE","SAFE","ANGLED","SHORT","NEUTRAL","NONE","UNFORCED_ERROR","BACKHAND","SHORT_RALLY","2","0.6","0.4","0.59","0.61","0.6","0","1","1","0","0.670968234539032","5","Aggressive return","Serve WIDE | Return ANGLED | Rally NEUTRAL | Finish UNFORCED_ERROR","Punto in risposta, rally count 2, profilo SHORT, momento NEUTRAL, pressione GAME_POINT_AGAINST. Pattern prevalente: Aggressive return. Probabilità stimata: 67.1%.","return_pressure","N. Djokovic","C. Alcaraz","Roland Garros Sim","Clay","BO3","SF","1","2","5","4","40","30","2026-04-16T08:40:43.320Z"
"sess_1776326470550_6038","1","1","229","0","1","BODY","AGGRESSIVE","DEEP","MEDIUM","ATTACK_OPP","NONE","FORCED_ERROR","BACKHAND","MEDIUM_RALLY","6","0.6","0.39","0.59","0.61","0.6","0","0","0","0","0.583196222782135","7","Neutral return","Serve BODY | Return DEEP | Rally ATTACK_OPP | Finish FORCED_ERROR","Punto in risposta, rally count 6, profilo MEDIUM, momento NEUTRAL, pressione NEUTRAL. Pattern prevalente: Neutral return. Probabilità stimata: 58.3%.","neutral_return_build","N. Djokovic","C. Alcaraz","Roland Garros Sim","Clay","BO3","SF","1","2","5","4","40","40","2026-04-16T08:40:48.952Z"
"sess_1776326470550_6038","1","1","230","0","1","T","AGGRESSIVE","DEEP","MEDIUM","ATTACK_ME","DROP_SHOT","FORCED_ERROR","FOREHAND","SHORT_BALL_ATTACK","6","0.6","0.39","0.59","0.61","0.4","1","0","0","0","0.4488118290901184","6","Safe return","Serve T | Return DEEP | Rally ATTACK_ME | Finish FORCED_ERROR","Punto in risposta, rally count 6, profilo MEDIUM, momento NEUTRAL, pressione GAME_POINT_FOR. Pattern prevalente: Safe return. Probabilità stimata: 44.9%.","return_safe","N. Djokovic","C. Alcaraz","Roland Garros Sim","Clay","BO3","SF","1","2","5","4","40","Ad","2026-04-16T08:40:54.883Z"
"sess_1776326470550_6038","1","1","231","1","2","T","WEAK","","SHORT","ATTACK_ME","NONE","WINNER","FOREHAND","SERVE_DOMINANT","2","0.6","0.39","0.59","0.61","0.2","0","0","0","1","0.06647170335054398","1","Serve safe / percentage","Serve T | Rally ATTACK_ME | Finish WINNER","Punto al servizio, rally count 2, profilo SHORT, momento COLD, pressione NEUTRAL. Pattern prevalente: Serve safe / percentage. Probabilità stimata: 6.6%.","serve_plus_one_safe","N. Djokovic","C. Alcaraz","Roland Garros Sim","Clay","BO3","SF","1","2","5","5","0","0","2026-04-16T08:41:00.319Z"
"sess_1776326470550_6038","1","1","232","1","1","BODY","AGGRESSIVE","CENTRAL","MEDIUM","ATTACK_ME","DROP_SHOT","WINNER","BACKHAND","SHORT_BALL_ATTACK","6","0.6","0.39","0.59","0.62","0.4","0","0","0","0","0.36577150225639343","1","Serve safe / percentage","Serve BODY | Return CENTRAL | Rally ATTACK_ME | Finish WINNER","Punto al servizio, rally count 6, profilo MEDIUM, momento NEUTRAL, pressione NEUTRAL. Pattern prevalente: Serve safe / percentage. Probabilità stimata: 36.6%.","serve_plus_one_safe","N. Djokovic","C. Alcaraz","Roland Garros Sim","Clay","BO3","SF","1","2","5","5","15","0","2026-04-16T08:41:06.156Z"
"sess_1776326470550_6038","1","1","233","1","2","WIDE","SAFE","CENTRAL","SHORT","NEUTRAL","LINE_CHANGE","FORCED_ERROR","FOREHAND","SHORT_RALLY","2","0.59","0.39","0.58","0.62","0.2","0","0","0","1","0.06422577053308487","1","Serve safe / percentage","Serve WIDE | Return CENTRAL | Rally NEUTRAL | Finish FORCED_ERROR","Punto al servizio, rally count 2, profilo SHORT, momento COLD, pressione NEUTRAL. Pattern prevalente: Serve safe / percentage. Probabilità stimata: 6.4%.","serve_plus_one_safe","N. Djokovic","C. Alcaraz","Roland Garros Sim","Clay","BO3","SF","1","2","5","5","15","15","2026-04-16T08:41:11.993Z"
"sess_1776326470550_6038","1","1","234","1","1","WIDE","AGGRESSIVE","","SHORT","ATTACK_ME","NONE","FORCED_ERROR","SERVE","SERVE_DOMINANT","2","0.6","0.39","0.58","0.62","0.4","0","0","0","1","0.23555083572864532","1","Serve safe / percentage","Serve WIDE | Rally ATTACK_ME | Finish FORCED_ERROR","Punto al servizio, rally count 2, profilo SHORT, momento NEUTRAL, pressione NEUTRAL. Pattern prevalente: Serve safe / percentage. Probabilità stimata: 23.6%.","serve_plus_one_safe","N. Djokovic","C. Alcaraz","Roland Garros Sim","Clay","BO3","SF","1","2","5","5","30","15","2026-04-16T08:41:17.376Z"
"sess_1776326470550_6038","1","1","235","1","2","T","WEAK","CENTRAL","LONG","NEUTRAL","LOB","UNFORCED_ERROR","BACKHAND","LONG_RALLY","10","0.6","0.39","0.58","0.62","0.6","1","0","0","0","0.7322365641593933","1","Serve safe / percentage","Serve T | Return CENTRAL | Rally NEUTRAL | Finish UNFORCED_ERROR","Punto al servizio, rally count 10, profilo LONG, momento NEUTRAL, pressione GAME_POINT_FOR. Pattern prevalente: Serve safe / percentage. Probabilità stimata: 73.2%.","serve_plus_one_safe","N. Djokovic","C. Alcaraz","Roland Garros Sim","Clay","BO3","SF","1","2","5","5","40","15","2026-04-16T08:41:23.256Z"
"sess_1776326470550_6038","1","1","236","1","1","T","WEAK","SHORT","MEDIUM","ATTACK_ME","LINE_CHANGE","FORCED_ERROR","FOREHAND","MEDIUM_RALLY","6","0.6","0.39","0.58","0.61","0.6","1","0","0","0","0.5107917785644531","1","Serve safe / percentage","Serve T | Return SHORT | Rally ATTACK_ME | Finish FORCED_ERROR","Punto al servizio, rally count 6, profilo MEDIUM, momento NEUTRAL, pressione GAME_POINT_FOR. Pattern prevalente: Serve safe / percentage. Probabilità stimata: 51.1%.","serve_plus_one_safe","N. Djokovic","C. Alcaraz","Roland Garros Sim","Clay","BO3","SF","1","2","5","5","40","30","2026-04-16T08:41:29.081Z"
"sess_1776326470550_6038","1","1","237","1","1","BODY","SAFE","BLOCKED","LONG","ATTACK_OPP","LOB","UNFORCED_ERROR","FOREHAND","DEFENSE_RECOVERY","10","0.59","0.39","0.58","0.61","0.4","0","0","0","0","0.5495606660842896","1","Serve safe / percentage","Serve BODY | Return BLOCKED | Rally ATTACK_OPP | Finish UNFORCED_ERROR","Punto al servizio, rally count 10, profilo LONG, momento NEUTRAL, pressione NEUTRAL. Pattern prevalente: Serve safe / percentage. Probabilità stimata: 55.0%.","serve_plus_one_safe","N. Djokovic","C. Alcaraz","Roland Garros Sim","Clay","BO3","SF","1","2","5","5","40","40","2026-04-16T08:41:34.931Z"
"sess_1776326470550_6038","1","1","238","1","2","T","SAFE","CENTRAL","LONG","NEUTRAL","NONE","FORCED_ERROR","PASSING","LONG_RALLY","10","0.59","0.39","0.57","0.61","0.4","0","1","1","1","0.6793397068977356","1","Serve safe / percentage","Serve T | Return CENTRAL | Rally NEUTRAL | Finish FORCED_ERROR","Punto al servizio, rally count 10, profilo LONG, momento NEUTRAL, pressione GAME_POINT_AGAINST. Pattern prevalente: Serve safe / percentage. Probabilità stimata: 67.9%.","serve_plus_one_safe","N. Djokovic","C. Alcaraz","Roland Garros Sim","Clay","BO3","SF","1","2","5","5","40","Ad","2026-04-16T08:41:40.666Z"
"sess_1776326470550_6038","1","1","239","1","1","BODY","WEAK","DEEP","MEDIUM","DEFENSE_ME","DROP_SHOT","UNFORCED_ERROR","FOREHAND","SHORT_BALL_ATTACK","6","0.59","0.39","0.57","0.62","0.4","0","0","0","0","0.34069371223449707","1","Serve safe / percentage","Serve BODY | Return DEEP | Rally DEFENSE_ME | Finish UNFORCED_ERROR","Punto al servizio, rally count 6, profilo MEDIUM, momento NEUTRAL, pressione NEUTRAL. Pattern prevalente: Serve safe / percentage. Probabilità stimata: 34.1%.","serve_plus_one_safe","N. Djokovic","C. Alcaraz","Roland Garros Sim","Clay","BO3","SF","1","2","5","5","40","40","2026-04-16T08:41:46.604Z"
"sess_1776326470550_6038","1","1","240","1","1","T","SAFE","","SHORT","NEUTRAL","NONE","UNFORCED_ERROR","FOREHAND","SERVE_DOMINANT","2","0.58","0.39","0.56","0.62","0.2","0","1","1","1","0.20985639095306396","1","Serve safe / percentage","Serve T | Rally NEUTRAL | Finish UNFORCED_ERROR","Punto al servizio, rally count 2, profilo SHORT, momento COLD, pressione GAME_POINT_AGAINST. Pattern prevalente: Serve safe / percentage. Probabilità stimata: 21.0%.","serve_plus_one_safe","N. Djokovic","C. Alcaraz","Roland Garros Sim","Clay","BO3","SF","1","2","5","5","40","Ad","2026-04-16T08:41:52.032Z"
"sess_1776326470550_6038","1","1","241","1","1","T","AGGRESSIVE","ANGLED","SHORT","NEUTRAL","NONE","WINNER","VOLLEY","SHORT_RALLY","2","0.59","0.39","0.57","0.62","0.4","0","0","0","0","0.21949376165866852","1","Serve safe / percentage","Serve T | Return ANGLED | Rally NEUTRAL | Finish WINNER","Punto al servizio, rally count 2, profilo SHORT, momento NEUTRAL, pressione NEUTRAL. Pattern prevalente: Serve safe / percentage. Probabilità stimata: 21.9%.","serve_plus_one_safe","N. Djokovic","C. Alcaraz","Roland Garros Sim","Clay","BO3","SF","1","2","5","5","40","40","2026-04-16T08:41:57.663Z"
"sess_1776326470550_6038","1","1","242","1","2","WIDE","SAFE","DEEP","SHORT","ATTACK_ME","NONE","WINNER","BACKHAND","SHORT_RALLY","2","0.58","0.39","0.56","0.62","0.4","0","1","1","1","0.3642132878303528","1","Serve safe / percentage","Serve WIDE | Return DEEP | Rally ATTACK_ME | Finish WINNER","Punto al servizio, rally count 2, profilo SHORT, momento NEUTRAL, pressione GAME_POINT_AGAINST. Pattern prevalente: Serve safe / percentage. Probabilità stimata: 36.4%.","serve_plus_one_safe","N. Djokovic","C. Alcaraz","Roland Garros Sim","Clay","BO3","SF","1","2","5","5","40","Ad","2026-04-16T08:42:03.296Z"
"sess_1776326470550_6038","1","1","243","1","1","T","WEAK","DEEP","MEDIUM","ATTACK_OPP","NONE","FORCED_ERROR","BACKHAND","MEDIUM_RALLY","6","0.59","0.39","0.56","0.63","0.6","0","0","0","1","0.44549113512039185","1","Serve safe / percentage","Serve T | Return DEEP | Rally ATTACK_OPP | Finish FORCED_ERROR","Punto al servizio, rally count 6, profilo MEDIUM, momento NEUTRAL, pressione NEUTRAL. Pattern prevalente: Serve safe / percentage. Probabilità stimata: 44.5%.","serve_plus_one_safe","N. Djokovic","C. Alcaraz","Roland Garros Sim","Clay","BO3","SF","1","2","5","5","40","40","2026-04-16T08:42:08.928Z"
"sess_1776326470550_6038","1","1","244","1","2","T","SAFE","ANGLED","MEDIUM","NEUTRAL","NONE","FORCED_ERROR","FOREHAND","MEDIUM_RALLY","6","0.59","0.39","0.56","0.63","0.6","1","0","0","1","0.570384681224823","1","Serve safe / percentage","Serve T | Return ANGLED | Rally NEUTRAL | Finish FORCED_ERROR","Punto al servizio, rally count 6, profilo MEDIUM, momento NEUTRAL, pressione GAME_POINT_FOR. Pattern prevalente: Serve safe / percentage. Probabilità stimata: 57.0%.","serve_plus_one_safe","N. Djokovic","C. Alcaraz","Roland Garros Sim","Clay","BO3","SF","1","2","5","5","Ad","40","2026-04-16T08:42:14.560Z"
"sess_1776326470550_6038","1","1","245","0","1","T","SAFE","DEEP","SHORT","ATTACK_OPP","NET_APPROACH","WINNER","VOLLEY","NET_PLAY","2","0.59","0.39","0.56","0.63","0.8","0","0","0","0","0.7549388408660889","7","Neutral return","Serve T | Return DEEP | Rally ATTACK_OPP | Finish WINNER","Punto in risposta, rally count 2, profilo SHORT, momento HOT, pressione NEUTRAL. Pattern prevalente: Neutral return. Probabilità stimata: 75.5%.","neutral_return_build","N. Djokovic","C. Alcaraz","Roland Garros Sim","Clay","BO3","SF","1","2","6","5","0","0","2026-04-16T08:42:20.499Z"
"sess_1776326470550_6038","1","1","246","0","1","WIDE","AGGRESSIVE","CENTRAL","SHORT","ATTACK_ME","NET_APPROACH","UNFORCED_ERROR","VOLLEY","NET_PLAY","2","0.59","0.38","0.56","0.63","0.6","0","0","0","0","0.40466177463531494","7","Neutral return","Serve WIDE | Return CENTRAL | Rally ATTACK_ME | Finish UNFORCED_ERROR","Punto in risposta, rally count 2, profilo SHORT, momento NEUTRAL, pressione NEUTRAL. Pattern prevalente: Neutral return. Probabilità stimata: 40.5%.","neutral_return_build","N. Djokovic","C. Alcaraz","Roland Garros Sim","Clay","BO3","SF","1","2","6","5","0","15","2026-04-16T08:42:26.029Z"
"sess_1776326470550_6038","1","1","247","0","1","T","AGGRESSIVE","SHORT","SHORT","ATTACK_OPP","LINE_CHANGE","UNFORCED_ERROR","BACKHAND","SHORT_RALLY","2","0.59","0.38","0.56","0.63","0.6","0","0","0","1","0.40466177463531494","7","Neutral return","Serve T | Return SHORT | Rally ATTACK_OPP | Finish UNFORCED_ERROR","Punto in risposta, rally count 2, profilo SHORT, momento NEUTRAL, pressione NEUTRAL. Pattern prevalente: Neutral return. Probabilità stimata: 40.5%.","neutral_return_build","N. Djokovic","C. Alcaraz","Roland Garros Sim","Clay","BO3","SF","1","2","6","5","0","30","2026-04-16T08:42:31.763Z"
"sess_1776326470550_6038","1","1","248","0","2","T","SAFE","CENTRAL","LONG","DEFENSE_OPP","NONE","FORCED_ERROR","BACKHAND","LONG_RALLY","10","0.59","0.38","0.56","0.63","0.6","0","0","0","0","0.3617662191390991","7","Neutral return","Serve T | Return CENTRAL | Rally DEFENSE_OPP | Finish FORCED_ERROR","Punto in risposta, rally count 10, profilo LONG, momento NEUTRAL, pressione NEUTRAL. Pattern prevalente: Neutral return. Probabilità stimata: 36.2%.","neutral_return_build","N. Djokovic","C. Alcaraz","Roland Garros Sim","Clay","BO3","SF","1","2","6","5","15","30","2026-04-16T08:42:37.395Z"
"sess_1776326470550_6038","1","1","249","0","2","BODY","SAFE","CENTRAL","LONG","DEFENSE_OPP","NONE","UNFORCED_ERROR","BACKHAND","DEFENSE_RECOVERY","10","0.59","0.38","0.56","0.63","0.4","1","0","0","1","0.3264375627040863","6","Safe return","Serve BODY | Return CENTRAL | Rally DEFENSE_OPP | Finish UNFORCED_ERROR","Punto in risposta, rally count 10, profilo LONG, momento NEUTRAL, pressione GAME_POINT_FOR. Pattern prevalente: Safe return. Probabilità stimata: 32.6%.","return_safe","N. Djokovic","C. Alcaraz","Roland Garros Sim","Clay","BO3","SF","1","2","6","5","15","40","2026-04-16T08:42:43.027Z"
"sess_1776326470550_6038","1","1","250","0","2","BODY","SAFE","DEEP","MEDIUM","NEUTRAL","NONE","UNFORCED_ERROR","FOREHAND","MEDIUM_RALLY","6","0.59","0.39","0.56","0.63","0.4","1","0","0","0","0.4653186798095703","7","Neutral return","Serve BODY | Return DEEP | Rally NEUTRAL | Finish UNFORCED_ERROR","Punto in risposta, rally count 6, profilo MEDIUM, momento NEUTRAL, pressione GAME_POINT_FOR. Pattern prevalente: Neutral return. Probabilità stimata: 46.5%.","neutral_return_build","N. Djokovic","C. Alcaraz","Roland Garros Sim","Clay","BO3","SF","1","2","6","5","30","40","2026-04-16T08:42:48.762Z"
"sess_1776326470550_6038","1","1","251","1","1","WIDE","SAFE","DEEP","SHORT","NEUTRAL","NONE","WINNER","FOREHAND","SHORT_RALLY","2","0.59","0.38","0.56","0.63","0.4","0","0","0","1","0.23749101161956787","1","Serve safe / percentage","Serve WIDE | Return DEEP | Rally NEUTRAL | Finish WINNER","Punto al servizio, rally count 2, profilo SHORT, momento NEUTRAL, pressione NEUTRAL. Pattern prevalente: Serve safe / percentage. Probabilità stimata: 23.7%.","serve_plus_one_safe","N. Djokovic","C. Alcaraz","Roland Garros Sim","Clay","BO3","SF","1","2","6","6","0","0","2026-04-16T08:42:54.291Z"
"sess_1776326470550_6038","1","1","252","1","1","BODY","AGGRESSIVE","CENTRAL","MEDIUM","ATTACK_OPP","INSIDE_OUT","UNFORCED_ERROR","FOREHAND","MEDIUM_RALLY","6","0.6","0.38","0.57","0.63","0.6","0","0","0","0","0.469965398311615","1","Serve safe / percentage","Serve BODY | Return CENTRAL | Rally ATTACK_OPP | Finish UNFORCED_ERROR","Punto al servizio, rally count 6, profilo MEDIUM, momento NEUTRAL, pressione NEUTRAL. Pattern prevalente: Serve safe / percentage. Probabilità stimata: 47.0%.","serve_plus_one_safe","N. Djokovic","C. Alcaraz","Roland Garros Sim","Clay","BO3","SF","1","2","6","6","15","0","2026-04-16T08:43:06.170Z"
"sess_1776326470550_6038","1","1","253","1","2","WIDE","SAFE","CENTRAL","SHORT","ATTACK_ME","NONE","FORCED_ERROR","BACKHAND","SHORT_RALLY","2","0.59","0.38","0.56","0.63","0.4","0","0","0","0","0.25348374247550964","1","Serve safe / percentage","Serve WIDE | Return CENTRAL | Rally ATTACK_ME | Finish FORCED_ERROR","Punto al servizio, rally count 2, profilo SHORT, momento NEUTRAL, pressione NEUTRAL. Pattern prevalente: Serve safe / percentage. Probabilità stimata: 25.3%.","serve_plus_one_safe","N. Djokovic","C. Alcaraz","Roland Garros Sim","Clay","BO3","SF","1","2","6","6","15","15","2026-04-16T08:43:11.595Z"
"sess_1776326470550_6038","1","1","254","1","2","T","WEAK","DEEP","SHORT","ATTACK_ME","NONE","WINNER","FOREHAND","SHORT_RALLY","2","0.59","0.38","0.56","0.62","0.4","0","0","0","0","0.25348374247550964","1","Serve safe / percentage","Serve T | Return DEEP | Rally ATTACK_ME | Finish WINNER","Punto al servizio, rally count 2, profilo SHORT, momento NEUTRAL, pressione NEUTRAL. Pattern prevalente: Serve safe / percentage. Probabilità stimata: 25.3%.","serve_plus_one_safe","N. Djokovic","C. Alcaraz","Roland Garros Sim","Clay","BO3","SF","1","2","6","6","15","30","2026-04-16T08:43:17.331Z"
"sess_1776326470550_6038","1","1","255","1","1","BODY","SAFE","DEEP","SHORT","ATTACK_OPP","NONE","FORCED_ERROR","FOREHAND","SHORT_RALLY","2","0.58","0.38","0.56","0.61","0.2","0","1","1","1","0.20985639095306396","1","Serve safe / percentage","Serve BODY | Return DEEP | Rally ATTACK_OPP | Finish FORCED_ERROR","Punto al servizio, rally count 2, profilo SHORT, momento COLD, pressione GAME_POINT_AGAINST. Pattern prevalente: Serve safe / percentage. Probabilità stimata: 21.0%.","serve_plus_one_safe","N. Djokovic","C. Alcaraz","Roland Garros Sim","Clay","BO3","SF","1","2","6","6","15","40","2026-04-16T08:43:22.964Z"
"sess_1776326470550_6038","1","1","256","1","1","BODY","AGGRESSIVE","","SHORT","ATTACK_ME","NONE","FORCED_ERROR","SERVE","SERVE_DOMINANT","2","0.59","0.38","0.57","0.61","0.4","0","1","1","1","0.3565753400325775","1","Serve safe / percentage","Serve BODY | Rally ATTACK_ME | Finish FORCED_ERROR","Punto al servizio, rally count 2, profilo SHORT, momento NEUTRAL, pressione GAME_POINT_AGAINST. Pattern prevalente: Serve safe / percentage. Probabilità stimata: 35.7%.","serve_plus_one_safe","N. Djokovic","C. Alcaraz","Roland Garros Sim","Clay","BO3","SF","1","2","6","6","30","40","2026-04-16T08:43:28.288Z"
"sess_1776326470550_6038","1","1","257","1","1","WIDE","SAFE","SHORT","MEDIUM","ATTACK_OPP","PASSING","UNFORCED_ERROR","PASSING","PASSING_LOB","6","0.59","0.38","0.57","0.61","0.4","0","0","0","1","0.36039677262306213","1","Serve safe / percentage","Serve WIDE | Return SHORT | Rally ATTACK_OPP | Finish UNFORCED_ERROR","Punto al servizio, rally count 6, profilo MEDIUM, momento NEUTRAL, pressione NEUTRAL. Pattern prevalente: Serve safe / percentage. Probabilità stimata: 36.0%.","serve_plus_one_safe","N. Djokovic","C. Alcaraz","Roland Garros Sim","Clay","BO3","SF","1","2","6","6","40","40","2026-04-16T08:43:35.149Z"
"sess_1776326470550_6038","1","1","258","1","2","WIDE","SAFE","BLOCKED","SHORT","ATTACK_OPP","NONE","UNFORCED_ERROR","FOREHAND","SHORT_RALLY","2","0.59","0.38","0.58","0.61","0.6","1","0","0","1","0.21941348910331726","1","Serve safe / percentage","Serve WIDE | Return BLOCKED | Rally ATTACK_OPP | Finish UNFORCED_ERROR","Punto al servizio, rally count 2, profilo SHORT, momento NEUTRAL, pressione GAME_POINT_FOR. Pattern prevalente: Serve safe / percentage. Probabilità stimata: 21.9%.","serve_plus_one_safe","N. Djokovic","C. Alcaraz","Roland Garros Sim","Clay","BO3","SF","1","2","6","6","Ad","40","2026-04-16T08:43:40.884Z"
"sess_1776326470550_6038","1","1","259","0","1","T","AGGRESSIVE","CENTRAL","SHORT","ATTACK_OPP","LINE_CHANGE","UNFORCED_ERROR","BACKHAND","AGGRESSIVE_RETURN","2","0.59","0.38","0.58","0.62","0.8","0","0","0","1","0.7575682997703552","7","Neutral return","Serve T | Return CENTRAL | Rally ATTACK_OPP | Finish UNFORCED_ERROR","Punto in risposta, rally count 2, profilo SHORT, momento HOT, pressione NEUTRAL. Pattern prevalente: Neutral return. Probabilità stimata: 75.8%.","neutral_return_build","N. Djokovic","C. Alcaraz","Roland Garros Sim","Clay","BO3","SF","1","2","7","6","0","0","2026-04-16T08:43:46.618Z"
"sess_1776326470550_6038","1","1","260","0","1","WIDE","WEAK","CENTRAL","SHORT","DEFENSE_ME","NONE","UNFORCED_ERROR","BACKHAND","SHORT_RALLY","2","0.59","0.39","0.58","0.62","1","0","0","0","0","0.9994122982025146","7","Neutral return","Serve WIDE | Return CENTRAL | Rally DEFENSE_ME | Finish UNFORCED_ERROR","Punto in risposta, rally count 2, profilo SHORT, momento HOT, pressione NEUTRAL. Pattern prevalente: Neutral return. Probabilità stimata: 99.9%.","neutral_return_build","N. Djokovic","C. Alcaraz","Roland Garros Sim","Clay","BO3","SF","1","2","7","6","15","0","2026-04-16T08:43:52.250Z"
"sess_1776326470550_6038","1","1","261","0","1","T","SAFE","SHORT","MEDIUM","ATTACK_ME","LINE_CHANGE","WINNER","FOREHAND","MEDIUM_RALLY","6","0.59","0.38","0.58","0.62","0.8","0","0","0","0","0.7921674251556396","7","Neutral return","Serve T | Return SHORT | Rally ATTACK_ME | Finish WINNER","Punto in risposta, rally count 6, profilo MEDIUM, momento HOT, pressione NEUTRAL. Pattern prevalente: Neutral return. Probabilità stimata: 79.2%.","neutral_return_build","N. Djokovic","C. Alcaraz","Roland Garros Sim","Clay","BO3","SF","1","2","7","6","15","15","2026-04-16T08:43:58.089Z"
"sess_1776326470550_6038","1","1","262","0","2","T","AGGRESSIVE","DEEP","LONG","DEFENSE_OPP","NONE","UNFORCED_ERROR","BACKHAND","LONG_RALLY","10","0.59","0.38","0.58","0.62","0.6","0","0","0","0","0.36197832226753235","7","Neutral return","Serve T | Return DEEP | Rally DEFENSE_OPP | Finish UNFORCED_ERROR","Punto in risposta, rally count 10, profilo LONG, momento NEUTRAL, pressione NEUTRAL. Pattern prevalente: Neutral return. Probabilità stimata: 36.2%.","neutral_return_build","N. Djokovic","C. Alcaraz","Roland Garros Sim","Clay","BO3","SF","1","2","7","6","15","30","2026-04-16T08:44:03.719Z"
"sess_1776326470550_6038","1","1","263","0","1","BODY","SAFE","DEEP","SHORT","ATTACK_OPP","NONE","FORCED_ERROR","OTHER","SHORT_RALLY","2","0.59","0.38","0.58","0.62","0.4","1","0","0","0","0.6073141694068909","7","Neutral return","Serve BODY | Return DEEP | Rally ATTACK_OPP | Finish FORCED_ERROR","Punto in risposta, rally count 2, profilo SHORT, momento NEUTRAL, pressione GAME_POINT_FOR. Pattern prevalente: Neutral return. Probabilità stimata: 60.7%.","neutral_return_build","N. Djokovic","C. Alcaraz","Roland Garros Sim","Clay","BO3","SF","1","2","7","6","15","40","2026-04-16T08:44:09.658Z"
"sess_1776326470550_6038","1","1","264","1","2","WIDE","SAFE","","SHORT","ATTACK_ME","NONE","FORCED_ERROR","SERVE","SERVE_DOMINANT","2","0.59","0.38","0.58","0.62","0.2","0","0","0","1","0.06810405105352402","1","Serve safe / percentage","Serve WIDE | Rally ATTACK_ME | Finish FORCED_ERROR","Punto al servizio, rally count 2, profilo SHORT, momento COLD, pressione NEUTRAL. Pattern prevalente: Serve safe / percentage. Probabilità stimata: 6.8%.","serve_plus_one_safe","N. Djokovic","C. Alcaraz","Roland Garros Sim","Clay","BO3","SF","1","2","7","7","0","0","2026-04-16T08:44:14.677Z"
"sess_1776326470550_6038","1","1","265","1","1","T","SAFE","DEEP","MEDIUM","ATTACK_OPP","NET_APPROACH","UNFORCED_ERROR","VOLLEY","SHORT_BALL_ATTACK","6","0.6","0.38","0.58","0.62","0.2","0","0","0","1","0.07715877145528793","1","Serve safe / percentage","Serve T | Return DEEP | Rally ATTACK_OPP | Finish UNFORCED_ERROR","Punto al servizio, rally count 6, profilo MEDIUM, momento COLD, pressione NEUTRAL. Pattern prevalente: Serve safe / percentage. Probabilità stimata: 7.7%.","serve_plus_one_safe","N. Djokovic","C. Alcaraz","Roland Garros Sim","Clay","BO3","SF","1","2","7","7","15","0","2026-04-16T08:44:20.681Z"
"sess_1776326470550_6038","1","1","266","1","1","WIDE","SAFE","BLOCKED","SHORT","ATTACK_ME","NONE","FORCED_ERROR","FOREHAND","SHORT_RALLY","2","0.6","0.38","0.58","0.62","0.4","0","0","0","0","0.23555083572864532","1","Serve safe / percentage","Serve WIDE | Return BLOCKED | Rally ATTACK_ME | Finish FORCED_ERROR","Punto al servizio, rally count 2, profilo SHORT, momento NEUTRAL, pressione NEUTRAL. Pattern prevalente: Serve safe / percentage. Probabilità stimata: 23.6%.","serve_plus_one_safe","N. Djokovic","C. Alcaraz","Roland Garros Sim","Clay","BO3","SF","1","2","7","7","30","0","2026-04-16T08:44:26.079Z"
"sess_1776326470550_6038","1","1","267","1","2","BODY","SAFE","CENTRAL","MEDIUM","ATTACK_ME","DROP_SHOT","FORCED_ERROR","BACKHAND","SHORT_BALL_ATTACK","6","0.6","0.38","0.58","0.62","0.4","0","0","0","1","0.4419238269329071","1","Serve safe / percentage","Serve BODY | Return CENTRAL | Rally ATTACK_ME | Finish FORCED_ERROR","Punto al servizio, rally count 6, profilo MEDIUM, momento NEUTRAL, pressione NEUTRAL. Pattern prevalente: Serve safe / percentage. Probabilità stimata: 44.2%.","serve_plus_one_safe","N. Djokovic","C. Alcaraz","Roland Garros Sim","Clay","BO3","SF","1","2","7","7","30","15","2026-04-16T08:44:32.187Z"
"sess_1776326470550_6038","1","1","268","1","1","T","SAFE","DEEP","SHORT","DEFENSE_OPP","DROP_SHOT","FORCED_ERROR","FOREHAND","SHORT_RALLY","2","0.6","0.38","0.58","0.63","0.6","1","0","0","1","0.20895041525363922","1","Serve safe / percentage","Serve T | Return DEEP | Rally DEFENSE_OPP | Finish FORCED_ERROR","Punto al servizio, rally count 2, profilo SHORT, momento NEUTRAL, pressione GAME_POINT_FOR. Pattern prevalente: Serve safe / percentage. Probabilità stimata: 20.9%.","serve_plus_one_safe","N. Djokovic","C. Alcaraz","Roland Garros Sim","Clay","BO3","SF","1","2","7","7","40","15","2026-04-16T08:44:37.809Z"
"sess_1776326470550_6038","1","1","269","0","2","WIDE","WEAK","SHORT","MEDIUM","ATTACK_ME","LINE_CHANGE","WINNER","BACKHAND","SHORT_BALL_ATTACK","6","0.6","0.38","0.58","0.63","0.8","0","0","0","1","0.7932258248329163","7","Neutral return","Serve WIDE | Return SHORT | Rally ATTACK_ME | Finish WINNER","Punto in risposta, rally count 6, profilo MEDIUM, momento HOT, pressione NEUTRAL. Pattern prevalente: Neutral return. Probabilità stimata: 79.3%.","neutral_return_build","N. Djokovic","C. Alcaraz","Roland Garros Sim","Clay","BO3","SF","1","2","8","7","0","0","2026-04-16T08:44:43.860Z"
"sess_1776326470550_6038","1","1","270","0","1","WIDE","AGGRESSIVE","ANGLED","MEDIUM","NEUTRAL","INSIDE_OUT","FORCED_ERROR","OTHER","MEDIUM_RALLY","6","0.6","0.38","0.58","0.63","0.8","0","0","0","0","0.7921674251556396","7","Neutral return","Serve WIDE | Return ANGLED | Rally NEUTRAL | Finish FORCED_ERROR","Punto in risposta, rally count 6, profilo MEDIUM, momento HOT, pressione NEUTRAL. Pattern prevalente: Neutral return. Probabilità stimata: 79.2%.","neutral_return_build","N. Djokovic","C. Alcaraz","Roland Garros Sim","Clay","BO3","SF","1","2","8","7","15","0","2026-04-16T08:44:49.595Z"
"sess_1776326470550_6038","1","1","271","0","1","T","AGGRESSIVE","SHORT","MEDIUM","ATTACK_ME","NONE","FORCED_ERROR","BACKHAND","SHORT_BALL_ATTACK","6","0.6","0.38","0.58","0.63","0.6","0","0","0","1","0.583196222782135","7","Neutral return","Serve T | Return SHORT | Rally ATTACK_ME | Finish FORCED_ERROR","Punto in risposta, rally count 6, profilo MEDIUM, momento NEUTRAL, pressione NEUTRAL. Pattern prevalente: Neutral return. Probabilità stimata: 58.3%.","neutral_return_build","N. Djokovic","C. Alcaraz","Roland Garros Sim","Clay","BO3","SF","1","2","8","7","15","15","2026-04-16T08:44:55.227Z"
"sess_1776326470550_6038","1","1","272","0","1","WIDE","AGGRESSIVE","CENTRAL","SHORT","ATTACK_OPP","NONE","WINNER","BACKHAND","SHORT_RALLY","2","0.6","0.38","0.58","0.63","0.8","0","0","0","1","0.7575682997703552","7","Neutral return","Serve WIDE | Return CENTRAL | Rally ATTACK_OPP | Finish WINNER","Punto in risposta, rally count 2, profilo SHORT, momento HOT, pressione NEUTRAL. Pattern prevalente: Neutral return. Probabilità stimata: 75.8%.","neutral_return_build","N. Djokovic","C. Alcaraz","Roland Garros Sim","Clay","BO3","SF","1","2","8","7","30","15","2026-04-16T08:45:00.859Z"
"sess_1776326470550_6038","1","1","273","0","1","T","SAFE","DEEP","SHORT","DEFENSE_ME","DROP_SHOT","WINNER","SMASH","NET_PLAY","2","0.6","0.39","0.58","0.63","0.8","0","1","1","1","0.8746011257171631","5","Aggressive return","Serve T | Return DEEP | Rally DEFENSE_ME | Finish WINNER","Punto in risposta, rally count 2, profilo SHORT, momento HOT, pressione GAME_POINT_AGAINST. Pattern prevalente: Aggressive return. Probabilità stimata: 87.5%.","return_pressure","N. Djokovic","C. Alcaraz","Roland Garros Sim","Clay","BO3","SF","1","2","8","7","40","15","2026-04-16T08:45:06.697Z"
"sess_1776326470550_6038","1","1","274","1","2","T","WEAK","","SHORT","ATTACK_ME","NONE","WINNER","SERVE","SERVE_DOMINANT","2","0.6","0.39","0.58","0.63","0.8","0","0","0","1","0.7003547549247742","1","Serve safe / percentage","Serve T | Rally ATTACK_ME | Finish WINNER","Punto al servizio, rally count 2, profilo SHORT, momento HOT, pressione NEUTRAL. Pattern prevalente: Serve safe / percentage. Probabilità stimata: 70.0%.","serve_plus_one_safe","N. Djokovic","C. Alcaraz","Roland Garros Sim","Clay","BO3","SF","2","2","0","0","0","0","2026-04-16T08:45:12.123Z"
"sess_1776326470550_6038","1","1","275","1","1","BODY","AGGRESSIVE","CENTRAL","MEDIUM","DEFENSE_OPP","NET_APPROACH","UNFORCED_ERROR","BACKHAND","MEDIUM_RALLY","6","0.6","0.39","0.58","0.63","0.8","0","0","0","1","0.8592526912689209","1","Serve safe / percentage","Serve BODY | Return CENTRAL | Rally DEFENSE_OPP | Finish UNFORCED_ERROR","Punto al servizio, rally count 6, profilo MEDIUM, momento HOT, pressione NEUTRAL. Pattern prevalente: Serve safe / percentage. Probabilità stimata: 85.9%.","serve_plus_one_safe","N. Djokovic","C. Alcaraz","Roland Garros Sim","Clay","BO3","SF","2","2","0","0","15","0","2026-04-16T08:45:18.165Z"
"sess_1776326470550_6038","1","1","276","1","2","WIDE","AGGRESSIVE","DEEP","MEDIUM","NEUTRAL","NET_APPROACH","UNFORCED_ERROR","BACKHAND","MEDIUM_RALLY","6","0.61","0.39","0.59","0.63","1","0","0","0","1","0.999685525894165","1","Serve safe / percentage","Serve WIDE | Return DEEP | Rally NEUTRAL | Finish UNFORCED_ERROR","Punto al servizio, rally count 6, profilo MEDIUM, momento HOT, pressione NEUTRAL. Pattern prevalente: Serve safe / percentage. Probabilità stimata: 100.0%.","serve_plus_one_safe","N. Djokovic","C. Alcaraz","Roland Garros Sim","Clay","BO3","SF","2","2","0","0","30","0","2026-04-16T08:45:23.797Z"
"sess_1776326470550_6038","1","1","277","1","1","T","SAFE","CENTRAL","MEDIUM","ATTACK_ME","NET_APPROACH","FORCED_ERROR","FOREHAND","SHORT_BALL_ATTACK","6","0.61","0.39","0.59","0.64","1","1","0","0","1","0.9995760321617126","1","Serve safe / percentage","Serve T | Return CENTRAL | Rally ATTACK_ME | Finish FORCED_ERROR","Punto al servizio, rally count 6, profilo MEDIUM, momento HOT, pressione GAME_POINT_FOR. Pattern prevalente: Serve safe / percentage. Probabilità stimata: 100.0%.","serve_plus_one_safe","N. Djokovic","C. Alcaraz","Roland Garros Sim","Clay","BO3","SF","2","2","0","0","40","0","2026-04-16T08:45:29.675Z"
"sess_1776326470550_6038","1","1","278","0","2","WIDE","SAFE","DEEP","MEDIUM","ATTACK_ME","NET_APPROACH","FORCED_ERROR","FOREHAND","MEDIUM_RALLY","6","0.61","0.39","0.59","0.64","1","0","0","0","0","0.9995953440666199","7","Neutral return","Serve WIDE | Return DEEP | Rally ATTACK_ME | Finish FORCED_ERROR","Punto in risposta, rally count 6, profilo MEDIUM, momento HOT, pressione NEUTRAL. Pattern prevalente: Neutral return. Probabilità stimata: 100.0%.","neutral_return_build","N. Djokovic","C. Alcaraz","Roland Garros Sim","Clay","BO3","SF","2","2","1","0","0","0","2026-04-16T08:45:35.470Z"
"sess_1776326470550_6038","1","1","279","0","2","T","SAFE","DEEP","SHORT","ATTACK_ME","NONE","WINNER","VOLLEY","SHORT_RALLY","2","0.61","0.39","0.59","0.64","0.8","0","0","0","0","0.7859213948249817","7","Neutral return","Serve T | Return DEEP | Rally ATTACK_ME | Finish WINNER","Punto in risposta, rally count 2, profilo SHORT, momento HOT, pressione NEUTRAL. Pattern prevalente: Neutral return. Probabilità stimata: 78.6%.","neutral_return_build","N. Djokovic","C. Alcaraz","Roland Garros Sim","Clay","BO3","SF","2","2","1","0","0","15","2026-04-16T08:45:41.103Z"
"sess_1776326470550_6038","1","1","280","0","1","T","AGGRESSIVE","CENTRAL","SHORT","NEUTRAL","NONE","WINNER","FOREHAND","SHORT_RALLY","2","0.61","0.39","0.59","0.64","0.6","0","0","0","0","0.41187554597854614","7","Neutral return","Serve T | Return CENTRAL | Rally NEUTRAL | Finish WINNER","Punto in risposta, rally count 2, profilo SHORT, momento NEUTRAL, pressione NEUTRAL. Pattern prevalente: Neutral return. Probabilità stimata: 41.2%.","neutral_return_build","N. Djokovic","C. Alcaraz","Roland Garros Sim","Clay","BO3","SF","2","2","1","0","0","30","2026-04-16T08:45:46.678Z"
"sess_1776326470550_6038","1","1","281","0","2","T","SAFE","DEEP","SHORT","ATTACK_OPP","INSIDE_IN","UNFORCED_ERROR","FOREHAND","AGGRESSIVE_RETURN","2","0.61","0.38","0.59","0.64","0.4","1","0","0","1","0.647344708442688","7","Neutral return","Serve T | Return DEEP | Rally ATTACK_OPP | Finish UNFORCED_ERROR","Punto in risposta, rally count 2, profilo SHORT, momento NEUTRAL, pressione GAME_POINT_FOR. Pattern prevalente: Neutral return. Probabilità stimata: 64.7%.","neutral_return_build","N. Djokovic","C. Alcaraz","Roland Garros Sim","Clay","BO3","SF","2","2","1","0","0","40","2026-04-16T08:45:52.674Z"
"sess_1776326470550_6038","1","1","282","0","1","T","WEAK","BLOCKED","MEDIUM","ATTACK_OPP","DROP_SHOT","UNFORCED_ERROR","BACKHAND","MEDIUM_RALLY","6","0.61","0.39","0.59","0.64","0.4","1","0","0","1","0.4488118290901184","6","Safe return","Serve T | Return BLOCKED | Rally ATTACK_OPP | Finish UNFORCED_ERROR","Punto in risposta, rally count 6, profilo MEDIUM, momento NEUTRAL, pressione GAME_POINT_FOR. Pattern prevalente: Safe return. Probabilità stimata: 44.9%.","return_safe","N. Djokovic","C. Alcaraz","Roland Garros Sim","Clay","BO3","SF","2","2","1","0","15","40","2026-04-16T08:45:58.306Z"
"sess_1776326470550_6038","1","1","283","0","1","T","SAFE","CENTRAL","LONG","DEFENSE_ME","INSIDE_OUT","UNFORCED_ERROR","FOREHAND","LONG_RALLY","10","0.61","0.39","0.59","0.64","0.4","1","0","0","0","0.297561913728714","6","Safe return","Serve T | Return CENTRAL | Rally DEFENSE_ME | Finish UNFORCED_ERROR","Punto in risposta, rally count 10, profilo LONG, momento NEUTRAL, pressione GAME_POINT_FOR. Pattern prevalente: Safe return. Probabilità stimata: 29.8%.","return_safe","N. Djokovic","C. Alcaraz","Roland Garros Sim","Clay","BO3","SF","2","2","1","0","30","40","2026-04-16T08:46:04.245Z"
"sess_1776326470550_6038","1","1","284","1","2","WIDE","AGGRESSIVE","CENTRAL","LONG","NEUTRAL","NONE","UNFORCED_ERROR","PASSING","DEFENSE_RECOVERY","10","0.61","0.39","0.59","0.64","0.4","0","0","0","0","0.6229458451271057","1","Serve safe / percentage","Serve WIDE | Return CENTRAL | Rally NEUTRAL | Finish UNFORCED_ERROR","Punto al servizio, rally count 10, profilo LONG, momento NEUTRAL, pressione NEUTRAL. Pattern prevalente: Serve safe / percentage. Probabilità stimata: 62.3%.","serve_plus_one_safe","N. Djokovic","C. Alcaraz","Roland Garros Sim","Clay","BO3","SF","2","2","1","1","0","0","2026-04-16T08:46:09.980Z"
"sess_1776326470550_6038","1","1","285","1","1","T","WEAK","ANGLED","MEDIUM","ATTACK_ME","NONE","WINNER","BACKHAND","SHORT_BALL_ATTACK","6","0.61","0.39","0.59","0.63","0.4","0","0","0","0","0.3671925663948059","1","Serve safe / percentage","Serve T | Return ANGLED | Rally ATTACK_ME | Finish WINNER","Punto al servizio, rally count 6, profilo MEDIUM, momento NEUTRAL, pressione NEUTRAL. Pattern prevalente: Serve safe / percentage. Probabilità stimata: 36.7%.","serve_plus_one_safe","N. Djokovic","C. Alcaraz","Roland Garros Sim","Clay","BO3","SF","2","2","1","1","0","15","2026-04-16T08:46:15.509Z"
"sess_1776326470550_6038","1","1","286","1","2","T","WEAK","","SHORT","DEFENSE_ME","NONE","UNFORCED_ERROR","FOREHAND","SHORT_RALLY","2","0.6","0.39","0.58","0.63","0.4","0","0","0","0","0.2507825493812561","1","Serve safe / percentage","Serve T | Rally DEFENSE_ME | Finish UNFORCED_ERROR","Punto al servizio, rally count 2, profilo SHORT, momento NEUTRAL, pressione NEUTRAL. Pattern prevalente: Serve safe / percentage. Probabilità stimata: 25.1%.","serve_plus_one_safe","N. Djokovic","C. Alcaraz","Roland Garros Sim","Clay","BO3","SF","2","2","1","1","0","30","2026-04-16T08:46:22.063Z"
"sess_1776326470550_6038","1","1","287","1","1","T","AGGRESSIVE","DEEP","SHORT","NEUTRAL","DROP_SHOT","FORCED_ERROR","OTHER","SHORT_RALLY","2","0.6","0.39","0.58","0.62","0.2","0","1","1","0","0.23535104095935822","1","Serve safe / percentage","Serve T | Return DEEP | Rally NEUTRAL | Finish FORCED_ERROR","Punto al servizio, rally count 2, profilo SHORT, momento COLD, pressione GAME_POINT_AGAINST. Pattern prevalente: Serve safe / percentage. Probabilità stimata: 23.5%.","serve_plus_one_safe","N. Djokovic","C. Alcaraz","Roland Garros Sim","Clay","BO3","SF","2","2","1","1","0","40","2026-04-16T08:46:27.797Z"
"sess_1776326470550_6038","1","1","288","0","1","T","SAFE","DEEP","SHORT","ATTACK_ME","NONE","WINNER","FOREHAND","SHORT_RALLY","2","0.6","0.39","0.58","0.62","0","0","0","0","1","0.00010559144720900804","6","Safe return","Serve T | Return DEEP | Rally ATTACK_ME | Finish WINNER","Punto in risposta, rally count 2, profilo SHORT, momento COLD, pressione NEUTRAL. Pattern prevalente: Safe return. Probabilità stimata: 0.0%.","return_safe","N. Djokovic","C. Alcaraz","Roland Garros Sim","Clay","BO3","SF","2","2","1","2","0","0","2026-04-16T08:46:33.326Z"
"sess_1776326470550_6038","1","1","289","0","2","WIDE","WEAK","CENTRAL","MEDIUM","NEUTRAL","INSIDE_IN","UNFORCED_ERROR","OTHER","MEDIUM_RALLY","6","0.6","0.39","0.58","0.62","0.2","0","0","0","0","0.07980629056692123","6","Safe return","Serve WIDE | Return CENTRAL | Rally NEUTRAL | Finish UNFORCED_ERROR","Punto in risposta, rally count 6, profilo MEDIUM, momento COLD, pressione NEUTRAL. Pattern prevalente: Safe return. Probabilità stimata: 8.0%.","return_safe","N. Djokovic","C. Alcaraz","Roland Garros Sim","Clay","BO3","SF","2","2","1","2","15","0","2026-04-16T08:46:39.266Z"
"sess_1776326470550_6038","1","1","290","0","2","T","SAFE","BLOCKED","SHORT","NEUTRAL","NONE","UNFORCED_ERROR","BACKHAND","SHORT_RALLY","2","0.6","0.39","0.58","0.62","0.2","0","0","0","0","0.13382351398468018","6","Safe return","Serve T | Return BLOCKED | Rally NEUTRAL | Finish UNFORCED_ERROR","Punto in risposta, rally count 2, profilo SHORT, momento COLD, pressione NEUTRAL. Pattern prevalente: Safe return. Probabilità stimata: 13.4%.","return_safe","N. Djokovic","C. Alcaraz","Roland Garros Sim","Clay","BO3","SF","2","2","1","2","15","15","2026-04-16T08:46:44.898Z"
"sess_1776326470550_6038","1","1","291","0","1","BODY","SAFE","DEEP","SHORT","ATTACK_ME","NONE","WINNER","FOREHAND","AGGRESSIVE_RETURN","2","0.6","0.39","0.58","0.62","0.2","0","0","0","1","0.10709849745035172","6","Safe return","Serve BODY | Return DEEP | Rally ATTACK_ME | Finish WINNER","Punto in risposta, rally count 2, profilo SHORT, momento COLD, pressione NEUTRAL. Pattern prevalente: Safe return. Probabilità stimata: 10.7%.","return_safe","N. Djokovic","C. Alcaraz","Roland Garros Sim","Clay","BO3","SF","2","2","1","2","15","30","2026-04-16T08:46:50.530Z"
"sess_1776326470550_6038","1","1","292","0","1","T","SAFE","ANGLED","SHORT","ATTACK_ME","NET_APPROACH","UNFORCED_ERROR","FOREHAND","NET_PLAY","2","0.6","0.39","0.58","0.62","0.4","0","0","0","1","0.59151691198349","7","Neutral return","Serve T | Return ANGLED | Rally ATTACK_ME | Finish UNFORCED_ERROR","Punto in risposta, rally count 2, profilo SHORT, momento NEUTRAL, pressione NEUTRAL. Pattern prevalente: Neutral return. Probabilità stimata: 59.2%.","neutral_return_build","N. Djokovic","C. Alcaraz","Roland Garros Sim","Clay","BO3","SF","2","2","1","2","30","30","2026-04-16T08:46:56.777Z"
"sess_1776326470550_6038","1","1","293","0","2","BODY","AGGRESSIVE","CENTRAL","SHORT","NEUTRAL","DROP_SHOT","WINNER","FOREHAND","SHORT_RALLY","2","0.6","0.4","0.58","0.62","0.6","0","1","1","0","0.711791455745697","5","Aggressive return","Serve BODY | Return CENTRAL | Rally NEUTRAL | Finish WINNER","Punto in risposta, rally count 2, profilo SHORT, momento NEUTRAL, pressione GAME_POINT_AGAINST. Pattern prevalente: Aggressive return. Probabilità stimata: 71.2%.","return_pressure","N. Djokovic","C. Alcaraz","Roland Garros Sim","Clay","BO3","SF","2","2","1","2","40","30","2026-04-16T08:47:02.102Z"
"sess_1776326470550_6038","1","1","294","0","1","BODY","AGGRESSIVE","CENTRAL","SHORT","NEUTRAL","NONE","FORCED_ERROR","BACKHAND","SHORT_RALLY","2","0.6","0.39","0.58","0.62","0.4","0","0","0","0","0.59151691198349","7","Neutral return","Serve BODY | Return CENTRAL | Rally NEUTRAL | Finish FORCED_ERROR","Punto in risposta, rally count 2, profilo SHORT, momento NEUTRAL, pressione NEUTRAL. Pattern prevalente: Neutral return. Probabilità stimata: 59.2%.","neutral_return_build","N. Djokovic","C. Alcaraz","Roland Garros Sim","Clay","BO3","SF","2","2","1","2","40","40","2026-04-16T08:47:07.531Z"
"sess_1776326470550_6038","1","1","295","0","1","T","AGGRESSIVE","DEEP","LONG","ATTACK_ME","NONE","UNFORCED_ERROR","BACKHAND","LONG_RALLY","10","0.6","0.39","0.58","0.62","0.4","1","0","0","1","0.297561913728714","6","Safe return","Serve T | Return DEEP | Rally ATTACK_ME | Finish UNFORCED_ERROR","Punto in risposta, rally count 10, profilo LONG, momento NEUTRAL, pressione GAME_POINT_FOR. Pattern prevalente: Safe return. Probabilità stimata: 29.8%.","return_safe","N. Djokovic","C. Alcaraz","Roland Garros Sim","Clay","BO3","SF","2","2","1","2","40","Ad","2026-04-16T08:47:13.366Z"
"sess_1776326470550_6038","1","1","296","0","1","T","AGGRESSIVE","CENTRAL","SHORT","NEUTRAL","LINE_CHANGE","UNFORCED_ERROR","BACKHAND","SHORT_RALLY","2","0.6","0.4","0.58","0.62","0.6","0","0","0","0","0.47106465697288513","7","Neutral return","Serve T | Return CENTRAL | Rally NEUTRAL | Finish UNFORCED_ERROR","Punto in risposta, rally count 2, profilo SHORT, momento NEUTRAL, pressione NEUTRAL. Pattern prevalente: Neutral return. Probabilità stimata: 47.1%.","neutral_return_build","N. Djokovic","C. Alcaraz","Roland Garros Sim","Clay","BO3","SF","2","2","1","2","40","40","2026-04-16T08:47:19.100Z"
"sess_1776326470550_6038","1","1","297","0","1","T","SAFE","DEEP","SHORT","DEFENSE_ME","NET_APPROACH","UNFORCED_ERROR","VOLLEY","NET_PLAY","2","0.6","0.39","0.58","0.62","0.4","1","0","0","0","0.6073141694068909","7","Neutral return","Serve T | Return DEEP | Rally DEFENSE_ME | Finish UNFORCED_ERROR","Punto in risposta, rally count 2, profilo SHORT, momento NEUTRAL, pressione GAME_POINT_FOR. Pattern prevalente: Neutral return. Probabilità stimata: 60.7%.","neutral_return_build","N. Djokovic","C. Alcaraz","Roland Garros Sim","Clay","BO3","SF","2","2","1","2","40","Ad","2026-04-16T08:47:24.939Z"
"sess_1776326470550_6038","1","1","298","1","2","WIDE","AGGRESSIVE","DEEP","SHORT","NEUTRAL","NET_APPROACH","FORCED_ERROR","OTHER","SHORT_RALLY","2","0.6","0.39","0.58","0.62","0.2","0","0","0","0","0.06841113418340683","1","Serve safe / percentage","Serve WIDE | Return DEEP | Rally NEUTRAL | Finish FORCED_ERROR","Punto al servizio, rally count 2, profilo SHORT, momento COLD, pressione NEUTRAL. Pattern prevalente: Serve safe / percentage. Probabilità stimata: 6.8%.","serve_plus_one_safe","N. Djokovic","C. Alcaraz","Roland Garros Sim","Clay","BO3","SF","2","2","1","3","0","0","2026-04-16T08:47:30.876Z"
"sess_1776326470550_6038","1","1","299","1","1","WIDE","SAFE","AGGRESSIVE","SHORT","DEFENSE_ME","NONE","WINNER","BACKHAND","SHORT_RALLY","2","0.59","0.39","0.58","0.61","0.2","0","0","0","1","0.0613667294383049","1","Serve safe / percentage","Serve WIDE | Return AGGRESSIVE | Rally DEFENSE_ME | Finish WINNER","Punto al servizio, rally count 2, profilo SHORT, momento COLD, pressione NEUTRAL. Pattern prevalente: Serve safe / percentage. Probabilità stimata: 6.1%.","serve_plus_one_safe","N. Djokovic","C. Alcaraz","Roland Garros Sim","Clay","BO3","SF","2","2","1","3","0","15","2026-04-16T08:47:36.406Z"
"sess_1776326470550_6038","1","1","300","1","2","BODY","SAFE","DEEP","LONG","ATTACK_ME","LINE_CHANGE","FORCED_ERROR","BACKHAND","LONG_RALLY","10","0.59","0.39","0.58","0.61","0.4","0","0","0","0","0.5982356071472168","1","Serve safe / percentage","Serve BODY | Return DEEP | Rally ATTACK_ME | Finish FORCED_ERROR","Punto al servizio, rally count 10, profilo LONG, momento NEUTRAL, pressione NEUTRAL. Pattern prevalente: Serve safe / percentage. Probabilità stimata: 59.8%.","serve_plus_one_safe","N. Djokovic","C. Alcaraz","Roland Garros Sim","Clay","BO3","SF","2","2","1","3","15","15","2026-04-16T08:47:42.347Z"
"sess_1776326470550_6038","1","1","301","1","2","WIDE","WEAK","DEEP","MEDIUM","ATTACK_ME","LINE_CHANGE","FORCED_ERROR","FOREHAND","SHORT_BALL_ATTACK","6","0.59","0.39","0.58","0.6","0.2","0","0","0","0","0.08669870346784592","1","Serve safe / percentage","Serve WIDE | Return DEEP | Rally ATTACK_ME | Finish FORCED_ERROR","Punto al servizio, rally count 6, profilo MEDIUM, momento COLD, pressione NEUTRAL. Pattern prevalente: Serve safe / percentage. Probabilità stimata: 8.7%.","serve_plus_one_safe","N. Djokovic","C. Alcaraz","Roland Garros Sim","Clay","BO3","SF","2","2","1","3","15","30","2026-04-16T08:47:48.182Z"