match_id,SetNo,GameNo,PointNumber,is_player_on_serve,ServeNumber,serve_direction,serve_quality,return_type,rally_bucket,rally_phase,key_event,finish_type,finish_shot,macro_pattern,RallyCount,pct_service_points_won,pct_return_points_won,pct_first_serve_points_won,pct_second_serve_points_won,last_n_points_won_5,is_game_point,is_break_point,is_game_point_against,is_point_won,predicted_point_win_probability,pattern_fused_id,pattern_fused_name,tagged_pattern,point_description,next_point_pattern_hint,player_name,opponent_name,tournament,surface,match_type,round,set_score_me,set_score_opp,game_score_me,game_score_opp,point_score_me,point_score_opp,timestamp
"sess_1776434270933_4751","1","1","1","1","1","BODY","AGGRESSIVE","BLOCKED","SHORT","ATTACK_ME","NET_APPROACH","WINNER","FOREHAND","SHORT_RALLY","2","0.6","0.34","0.66","0.52","0.2","0","0","0","1","0.6944049000740051","1","Serve safe / percentage","Serve BODY | Return BLOCKED | Rally ATTACK_ME | Finish WINNER","Punto al servizio, rally count 2, profilo SHORT, momento COLD, pressione NEUTRAL. Pattern prevalente: Serve safe / percentage. Probabilità stimata: 69.4%.","serve_plus_one_safe","J. Sinner","D. Medvedev","BNP Paribas Open","Clay","BO3","F","0","0","0","0","0","0","2026-04-17T14:10:06.841Z"
"sess_1776434270933_4751","1","1","2","1","2","WIDE","SAFE","","SHORT","ATTACK_ME","NONE","WINNER","BACKHAND","SERVE_DOMINANT","2","1","0.34","1","0.52","1","0","0","0","1","0.5512691736221313","3","Serve neutral / mixed","Serve WIDE | Rally ATTACK_ME | Finish WINNER","Punto al servizio, rally count 2, profilo SHORT, momento HOT, pressione NEUTRAL. Pattern prevalente: Serve neutral / mixed. Probabilità stimata: 55.1%.","serve_neutral_build","J. Sinner","D. Medvedev","BNP Paribas Open","Clay","BO3","F","0","0","0","0","15","0","2026-04-17T14:10:59.167Z"
"sess_1776434270933_4751","1","1","3","1","2","WIDE","SAFE","ANGLED","LONG","DEFENSE_OPP","LINE_CHANGE","WINNER","FOREHAND","DEFENSE_RECOVERY","10","1","0.34","1","1","1","0","0","0","1","0.5434613227844238","3","Serve neutral / mixed","Serve WIDE | Return ANGLED | Rally DEFENSE_OPP | Finish WINNER","Punto al servizio, rally count 10, profilo LONG, momento HOT, pressione NEUTRAL. Pattern prevalente: Serve neutral / mixed. Probabilità stimata: 54.3%.","serve_neutral_build","J. Sinner","D. Medvedev","BNP Paribas Open","Clay","BO3","F","0","0","0","0","30","0","2026-04-17T14:11:04.905Z"
"sess_1776434270933_4751","1","1","4","1","1","WIDE","SAFE","DEEP","SHORT","ATTACK_ME","NONE","WINNER","BACKHAND","SHORT_RALLY","2","1","0.34","1","1","1","1","0","0","0","0.7489579319953918","2","Serve aggressive","Serve WIDE | Return DEEP | Rally ATTACK_ME | Finish WINNER","Punto al servizio, rally count 2, profilo SHORT, momento HOT, pressione GAME_POINT_FOR. Pattern prevalente: Serve aggressive. Probabilità stimata: 74.9%.","serve_plus_one_aggressive","J. Sinner","D. Medvedev","BNP Paribas Open","Clay","BO3","F","0","0","0","0","40","0","2026-04-17T14:11:18.032Z"
"sess_1776434270933_4751","1","1","5","1","1","T","AGGRESSIVE","SHORT","MEDIUM","DEFENSE_OPP","INSIDE_IN","UNFORCED_ERROR","BACKHAND","MEDIUM_RALLY","6","0.75","0.34","0.5","1","0.75","1","0","0","1","0.7172597646713257","1","Serve safe / percentage","Serve T | Return SHORT | Rally DEFENSE_OPP | Finish UNFORCED_ERROR","Punto al servizio, rally count 6, profilo MEDIUM, momento HOT, pressione GAME_POINT_FOR. Pattern prevalente: Serve safe / percentage. Probabilità stimata: 71.7%.","serve_plus_one_safe","J. Sinner","D. Medvedev","BNP Paribas Open","Clay","BO3","F","0","0","0","0","40","15","2026-04-17T14:11:31.526Z"
"sess_1776434270933_4751","1","2","6","0","1","WIDE","AGGRESSIVE","ANGLED","SHORT","ATTACK_ME","NONE","WINNER","FOREHAND","AGGRESSIVE_RETURN","2","0.8","0.34","0.67","1","0.8","0","0","0","1","0.3125178813934326","7","Neutral return","Serve WIDE | Return ANGLED | Rally ATTACK_ME | Finish WINNER","Punto in risposta, rally count 2, profilo SHORT, momento HOT, pressione NEUTRAL. Pattern prevalente: Neutral return. Probabilità stimata: 31.3%.","neutral_return_build","J. Sinner","D. Medvedev","BNP Paribas Open","Clay","BO3","F","0","0","1","0","0","0","2026-04-17T14:11:44.635Z"
"sess_1776434270933_4751","1","2","7","0","1","WIDE","SAFE","BLOCKED","SHORT","ATTACK_OPP","NET_APPROACH","FORCED_ERROR","OTHER","NET_PLAY","2","0.8","1","0.67","1","0.8","0","0","0","0","0.3559354543685913","7","Neutral return","Serve WIDE | Return BLOCKED | Rally ATTACK_OPP | Finish FORCED_ERROR","Punto in risposta, rally count 2, profilo SHORT, momento HOT, pressione NEUTRAL. Pattern prevalente: Neutral return. Probabilità stimata: 35.6%.","neutral_return_build","J. Sinner","D. Medvedev","BNP Paribas Open","Clay","BO3","F","0","0","1","0","15","0","2026-04-17T14:11:58.600Z"
"sess_1776434270933_4751","1","2","8","0","1","WIDE","SAFE","DEEP","SHORT","ATTACK_ME","NONE","WINNER","OTHER","SHORT_RALLY","2","0.8","0.5","0.67","1","0.6","0","0","0","0","0.32838958501815796","7","Neutral return","Serve WIDE | Return DEEP | Rally ATTACK_ME | Finish WINNER","Punto in risposta, rally count 2, profilo SHORT, momento NEUTRAL, pressione NEUTRAL. Pattern prevalente: Neutral return. Probabilità stimata: 32.8%.","neutral_return_build","J. Sinner","D. Medvedev","BNP Paribas Open","Clay","BO3","F","0","0","1","0","15","15","2026-04-17T14:16:29.821Z"
"sess_1776434270933_4751","1","2","9","0","2","BODY","WEAK","SHORT","SHORT","NEUTRAL","NET_APPROACH","UNFORCED_ERROR","BACKHAND","SHORT_RALLY","2","0.8","0.33","0.67","1","0.4","0","0","0","0","0.5234072208404541","7","Neutral return","Serve BODY | Return SHORT | Rally NEUTRAL | Finish UNFORCED_ERROR","Punto in risposta, rally count 2, profilo SHORT, momento NEUTRAL, pressione NEUTRAL. Pattern prevalente: Neutral return. Probabilità stimata: 52.3%.","neutral_return_build","J. Sinner","D. Medvedev","BNP Paribas Open","Clay","BO3","F","0","0","1","0","15","30","2026-04-17T14:39:48.930Z"
"sess_1776434270933_4751","1","2","10","0","2","T","SAFE","CENTRAL","LONG","ATTACK_ME","NET_APPROACH","FORCED_ERROR","OTHER","LONG_RALLY","10","0.8","0.25","0.67","1","0.4","1","0","0","1","0.5434613227844238","6","Safe return","Serve T | Return CENTRAL | Rally ATTACK_ME | Finish FORCED_ERROR","Punto in risposta, rally count 10, profilo LONG, momento NEUTRAL, pressione GAME_POINT_FOR. Pattern prevalente: Safe return. Probabilità stimata: 54.3%.","return_safe","J. Sinner","D. Medvedev","BNP Paribas Open","Clay","BO3","F","0","0","1","0","15","40","2026-04-17T14:49:13.619Z"
"sess_1776434270933_4751","1","2","11","0","1","BODY","WEAK","DEEP","SHORT","ATTACK_ME","NET_APPROACH","FORCED_ERROR","VOLLEY","NET_PLAY","2","0.8","0.4","0.67","1","0.4","1","0","0","1","0.36341366171836853","6","Safe return","Serve BODY | Return DEEP | Rally ATTACK_ME | Finish FORCED_ERROR","Punto in risposta, rally count 2, profilo SHORT, momento NEUTRAL, pressione GAME_POINT_FOR. Pattern prevalente: Safe return. Probabilità stimata: 36.3%.","return_safe","J. Sinner","D. Medvedev","BNP Paribas Open","Clay","BO3","F","0","0","1","0","30","40","2026-04-17T14:49:19.251Z"
"sess_1776434270933_4751","1","2","12","0","1","T","AGGRESSIVE","BLOCKED","MEDIUM","ATTACK_OPP","NONE","UNFORCED_ERROR","FOREHAND","SHORT_BALL_ATTACK","6","0.8","0.5","0.67","1","0.4","0","0","0","1","0.36222711205482483","7","Neutral return","Serve T | Return BLOCKED | Rally ATTACK_OPP | Finish UNFORCED_ERROR","Punto in risposta, rally count 6, profilo MEDIUM, momento NEUTRAL, pressione NEUTRAL. Pattern prevalente: Neutral return. Probabilità stimata: 36.2%.","neutral_return_build","J. Sinner","D. Medvedev","BNP Paribas Open","Clay","BO3","F","0","0","1","0","40","40","2026-04-17T14:49:25.011Z"
"sess_1776434270933_4751","1","2","13","0","2","WIDE","SAFE","CENTRAL","SHORT","ATTACK_OPP","NONE","FORCED_ERROR","BACKHAND","SHORT_RALLY","2","0.8","0.57","0.67","1","0.6","0","1","1","0","0.5174248218536377","5","Aggressive return","Serve WIDE | Return CENTRAL | Rally ATTACK_OPP | Finish FORCED_ERROR","Punto in risposta, rally count 2, profilo SHORT, momento NEUTRAL, pressione GAME_POINT_AGAINST. Pattern prevalente: Aggressive return. Probabilità stimata: 51.7%.","return_pressure","J. Sinner","D. Medvedev","BNP Paribas Open","Clay","BO3","F","0","0","1","0","Ad","40","2026-04-17T14:49:30.543Z"
"sess_1776434270933_4751","1","2","14","0","1","BODY","AGGRESSIVE","DEEP","MEDIUM","DEFENSE_OPP","NONE","WINNER","OTHER","MEDIUM_RALLY","6","0.8","0.5","0.67","1","0.6","0","0","0","0","0.3413158655166626","7","Neutral return","Serve BODY | Return DEEP | Rally DEFENSE_OPP | Finish WINNER","Punto in risposta, rally count 6, profilo MEDIUM, momento NEUTRAL, pressione NEUTRAL. Pattern prevalente: Neutral return. Probabilità stimata: 34.1%.","neutral_return_build","J. Sinner","D. Medvedev","BNP Paribas Open","Clay","BO3","F","0","0","1","0","40","40","2026-04-17T14:49:36.762Z"
"sess_1776434270933_4751","1","2","15","0","1","WIDE","AGGRESSIVE","CENTRAL","MEDIUM","ATTACK_OPP","INSIDE_OUT","WINNER","BACKHAND","SHORT_BALL_ATTACK","6","0.8","0.44","0.67","1","0.6","1","0","0","1","0.38661813735961914","6","Safe return","Serve WIDE | Return CENTRAL | Rally ATTACK_OPP | Finish WINNER","Punto in risposta, rally count 6, profilo MEDIUM, momento NEUTRAL, pressione GAME_POINT_FOR. Pattern prevalente: Safe return. Probabilità stimata: 38.7%.","return_safe","J. Sinner","D. Medvedev","BNP Paribas Open","Clay","BO3","F","0","0","1","0","40","Ad","2026-04-17T14:49:41.780Z"
"sess_1776434270933_4751","1","2","16","0","1","WIDE","WEAK","ANGLED","SHORT","NEUTRAL","NONE","WINNER","BACKHAND","SHORT_RALLY","2","0.8","0.5","0.67","1","0.6","0","0","0","1","0.324455589056015","7","Neutral return","Serve WIDE | Return ANGLED | Rally NEUTRAL | Finish WINNER","Punto in risposta, rally count 2, profilo SHORT, momento NEUTRAL, pressione NEUTRAL. Pattern prevalente: Neutral return. Probabilità stimata: 32.4%.","neutral_return_build","J. Sinner","D. Medvedev","BNP Paribas Open","Clay","BO3","F","0","0","1","0","40","40","2026-04-17T14:49:47.616Z"
"sess_1776434270933_4751","1","2","17","0","1","T","AGGRESSIVE","ANGLED","LONG","DEFENSE_ME","NONE","UNFORCED_ERROR","PASSING","DEFENSE_RECOVERY","10","0.8","0.55","0.67","1","0.6","0","1","1","0","0.34600481390953064","6","Safe return","Serve T | Return ANGLED | Rally DEFENSE_ME | Finish UNFORCED_ERROR","Punto in risposta, rally count 10, profilo LONG, momento NEUTRAL, pressione GAME_POINT_AGAINST. Pattern prevalente: Safe return. Probabilità stimata: 34.6%.","return_safe","J. Sinner","D. Medvedev","BNP Paribas Open","Clay","BO3","F","0","0","1","0","Ad","40","2026-04-17T14:49:53.350Z"
"sess_1776434270933_4751","1","2","18","0","1","WIDE","SAFE","DEEP","SHORT","ATTACK_ME","NET_APPROACH","UNFORCED_ERROR","BACKHAND","SHORT_RALLY","2","0.8","0.5","0.67","1","0.4","0","0","0","0","0.34139591455459595","7","Neutral return","Serve WIDE | Return DEEP | Rally ATTACK_ME | Finish UNFORCED_ERROR","Punto in risposta, rally count 2, profilo SHORT, momento NEUTRAL, pressione NEUTRAL. Pattern prevalente: Neutral return. Probabilità stimata: 34.1%.","neutral_return_build","J. Sinner","D. Medvedev","BNP Paribas Open","Clay","BO3","F","0","0","1","0","40","40","2026-04-17T14:49:59.038Z"
"sess_1776434270933_4751","1","2","19","0","1","BODY","SAFE","DEEP","MEDIUM","ATTACK_OPP","PASSING","UNFORCED_ERROR","PASSING","PASSING_LOB","6","0.8","0.46","0.67","1","0.4","1","0","0","1","0.38026589155197144","6","Safe return","Serve BODY | Return DEEP | Rally ATTACK_OPP | Finish UNFORCED_ERROR","Punto in risposta, rally count 6, profilo MEDIUM, momento NEUTRAL, pressione GAME_POINT_FOR. Pattern prevalente: Safe return. Probabilità stimata: 38.0%.","return_safe","J. Sinner","D. Medvedev","BNP Paribas Open","Clay","BO3","F","0","0","1","0","40","Ad","2026-04-17T14:50:05.024Z"
"sess_1776434270933_4751","1","2","20","0","1","WIDE","SAFE","DEEP","SHORT","ATTACK_OPP","DROP_SHOT","FORCED_ERROR","BACKHAND","SHORT_RALLY","2","0.8","0.5","0.67","1","0.6","0","0","0","0","0.329345166683197","7","Neutral return","Serve WIDE | Return DEEP | Rally ATTACK_OPP | Finish FORCED_ERROR","Punto in risposta, rally count 2, profilo SHORT, momento NEUTRAL, pressione NEUTRAL. Pattern prevalente: Neutral return. Probabilità stimata: 32.9%.","neutral_return_build","J. Sinner","D. Medvedev","BNP Paribas Open","Clay","BO3","F","0","0","1","0","40","40","2026-04-17T14:50:10.861Z"
"sess_1776434270933_4751","1","2","21","0","1","WIDE","AGGRESSIVE","DEEP","LONG","DEFENSE_ME","NONE","UNFORCED_ERROR","PASSING","DEFENSE_RECOVERY","10","0.8","0.47","0.67","1","0.4","1","0","0","1","0.38026589155197144","6","Safe return","Serve WIDE | Return DEEP | Rally DEFENSE_ME | Finish UNFORCED_ERROR","Punto in risposta, rally count 10, profilo LONG, momento NEUTRAL, pressione GAME_POINT_FOR. Pattern prevalente: Safe return. Probabilità stimata: 38.0%.","return_safe","J. Sinner","D. Medvedev","BNP Paribas Open","Clay","BO3","F","0","0","1","0","40","Ad","2026-04-17T14:50:16.595Z"
"sess_1776434270933_4751","1","2","22","0","1","BODY","AGGRESSIVE","DEEP","SHORT","ATTACK_ME","NONE","WINNER","BACKHAND","AGGRESSIVE_RETURN","2","0.8","0.5","0.67","1","0.4","0","0","0","1","0.34139591455459595","7","Neutral return","Serve BODY | Return DEEP | Rally ATTACK_ME | Finish WINNER","Punto in risposta, rally count 2, profilo SHORT, momento NEUTRAL, pressione NEUTRAL. Pattern prevalente: Neutral return. Probabilità stimata: 34.1%.","neutral_return_build","J. Sinner","D. Medvedev","BNP Paribas Open","Clay","BO3","F","0","0","1","0","40","40","2026-04-17T14:50:22.228Z"
"sess_1776434270933_4751","1","2","23","0","2","WIDE","SAFE","DEEP","LONG","DEFENSE_ME","NONE","WINNER","PASSING","LONG_RALLY","10","0.8","0.53","0.67","1","0.6","0","1","1","1","0.5174248218536377","5","Aggressive return","Serve WIDE | Return DEEP | Rally DEFENSE_ME | Finish WINNER","Punto in risposta, rally count 10, profilo LONG, momento NEUTRAL, pressione GAME_POINT_AGAINST. Pattern prevalente: Aggressive return. Probabilità stimata: 51.7%.","return_pressure","J. Sinner","D. Medvedev","BNP Paribas Open","Clay","BO3","F","0","0","1","0","Ad","40","2026-04-17T14:50:28.064Z"
"sess_1776434270933_4751","1","3","24","1","1","T","SAFE","DEEP","MEDIUM","ATTACK_OPP","NET_APPROACH","FORCED_ERROR","BACKHAND","MEDIUM_RALLY","6","0.8","0.56","0.67","1","0.8","0","0","0","0","0.6987373232841492","3","Serve neutral / mixed","Serve T | Return DEEP | Rally ATTACK_OPP | Finish FORCED_ERROR","Punto al servizio, rally count 6, profilo MEDIUM, momento HOT, pressione NEUTRAL. Pattern prevalente: Serve neutral / mixed. Probabilità stimata: 69.9%.","serve_neutral_build","J. Sinner","D. Medvedev","BNP Paribas Open","Clay","BO3","F","0","0","2","0","0","0","2026-04-17T14:50:33.903Z"
"sess_1776434270933_4751","1","3","25","1","1","T","AGGRESSIVE","CENTRAL","MEDIUM","ATTACK_ME","NONE","WINNER","FOREHAND","SHORT_BALL_ATTACK","6","0.67","0.56","0.5","1","0.6","0","0","0","1","0.679108202457428","1","Serve safe / percentage","Serve T | Return CENTRAL | Rally ATTACK_ME | Finish WINNER","Punto al servizio, rally count 6, profilo MEDIUM, momento NEUTRAL, pressione NEUTRAL. Pattern prevalente: Serve safe / percentage. Probabilità stimata: 67.9%.","serve_plus_one_safe","J. Sinner","D. Medvedev","BNP Paribas Open","Clay","BO3","F","0","0","2","0","0","15","2026-04-17T14:50:39.533Z"
"sess_1776434270933_4751","1","3","26","1","2","WIDE","WEAK","SHORT","SHORT","ATTACK_ME","DROP_SHOT","WINNER","FOREHAND","SHORT_RALLY","2","0.71","0.56","0.6","1","0.8","0","0","0","1","0.5358650088310242","3","Serve neutral / mixed","Serve WIDE | Return SHORT | Rally ATTACK_ME | Finish WINNER","Punto al servizio, rally count 2, profilo SHORT, momento HOT, pressione NEUTRAL. Pattern prevalente: Serve neutral / mixed. Probabilità stimata: 53.6%.","serve_neutral_build","J. Sinner","D. Medvedev","BNP Paribas Open","Clay","BO3","F","0","0","2","0","15","15","2026-04-17T14:50:45.267Z"
"sess_1776434270933_4751","1","3","27","1","1","WIDE","SAFE","SHORT","SHORT","DEFENSE_ME","NONE","UNFORCED_ERROR","FOREHAND","SHORT_RALLY","2","0.75","0.56","0.6","1","0.8","0","0","0","0","0.6987373232841492","3","Serve neutral / mixed","Serve WIDE | Return SHORT | Rally DEFENSE_ME | Finish UNFORCED_ERROR","Punto al servizio, rally count 2, profilo SHORT, momento HOT, pressione NEUTRAL. Pattern prevalente: Serve neutral / mixed. Probabilità stimata: 69.9%.","serve_neutral_build","J. Sinner","D. Medvedev","BNP Paribas Open","Clay","BO3","F","0","0","2","0","30","15","2026-04-17T14:50:50.899Z"
"sess_1776434270933_4751","1","3","28","1","2","T","SAFE","","SHORT","ATTACK_ME","NONE","WINNER","SERVE","SERVE_DOMINANT","2","0.67","0.56","0.5","1","0.6","0","0","0","1","0.5174248218536377","1","Serve safe / percentage","Serve T | Rally ATTACK_ME | Finish WINNER","Punto al servizio, rally count 2, profilo SHORT, momento NEUTRAL, pressione NEUTRAL. Pattern prevalente: Serve safe / percentage. Probabilità stimata: 51.7%.","serve_plus_one_safe","J. Sinner","D. Medvedev","BNP Paribas Open","Clay","BO3","F","0","0","2","0","30","30","2026-04-17T14:50:56.327Z"
"sess_1776434270933_4751","1","3","29","1","1","WIDE","AGGRESSIVE","CENTRAL","MEDIUM","ATTACK_ME","DROP_SHOT","FORCED_ERROR","VOLLEY","SHORT_BALL_ATTACK","6","0.7","0.56","0.5","1","0.6","1","0","0","0","0.704770565032959","1","Serve safe / percentage","Serve WIDE | Return CENTRAL | Rally ATTACK_ME | Finish FORCED_ERROR","Punto al servizio, rally count 6, profilo MEDIUM, momento NEUTRAL, pressione GAME_POINT_FOR. Pattern prevalente: Serve safe / percentage. Probabilità stimata: 70.5%.","serve_plus_one_safe","J. Sinner","D. Medvedev","BNP Paribas Open","Clay","BO3","F","0","0","2","0","40","30","2026-04-17T14:51:02.164Z"
"sess_1776434270933_4751","1","3","30","1","2","WIDE","SAFE","BLOCKED","MEDIUM","NEUTRAL","NONE","UNFORCED_ERROR","BACKHAND","MEDIUM_RALLY","6","0.64","0.56","0.43","1","0.6","0","0","0","1","0.5083911418914795","1","Serve safe / percentage","Serve WIDE | Return BLOCKED | Rally NEUTRAL | Finish UNFORCED_ERROR","Punto al servizio, rally count 6, profilo MEDIUM, momento NEUTRAL, pressione NEUTRAL. Pattern prevalente: Serve safe / percentage. Probabilità stimata: 50.8%.","serve_plus_one_safe","J. Sinner","D. Medvedev","BNP Paribas Open","Clay","BO3","F","0","0","2","0","40","40","2026-04-17T14:51:07.795Z"
"sess_1776434270933_4751","1","3","31","1","2","T","AGGRESSIVE","","SHORT","NEUTRAL","NONE","WINNER","SERVE","SERVE_DOMINANT","2","0.67","0.56","0.43","1","0.6","1","0","0","1","0.5247195959091187","1","Serve safe / percentage","Serve T | Rally NEUTRAL | Finish WINNER","Punto al servizio, rally count 2, profilo SHORT, momento NEUTRAL, pressione GAME_POINT_FOR. Pattern prevalente: Serve safe / percentage. Probabilità stimata: 52.5%.","serve_plus_one_safe","J. Sinner","D. Medvedev","BNP Paribas Open","Clay","BO3","F","0","0","2","0","Ad","40","2026-04-17T14:51:13.129Z"
"sess_1776434270933_4751","1","4","32","0","2","WIDE","SAFE","ANGLED","MEDIUM","DEFENSE_ME","DROP_SHOT","WINNER","BACKHAND","MEDIUM_RALLY","6","0.69","0.56","0.43","1","0.6","0","0","0","1","0.5437240600585938","7","Neutral return","Serve WIDE | Return ANGLED | Rally DEFENSE_ME | Finish WINNER","Punto in risposta, rally count 6, profilo MEDIUM, momento NEUTRAL, pressione NEUTRAL. Pattern prevalente: Neutral return. Probabilità stimata: 54.4%.","neutral_return_build","J. Sinner","D. Medvedev","BNP Paribas Open","Clay","BO3","F","0","0","3","0","0","0","2026-04-17T14:51:18.959Z"
"sess_1776434270933_4751","1","4","33","0","1","T","AGGRESSIVE","DEEP","SHORT","ATTACK_ME","NONE","UNFORCED_ERROR","VOLLEY","SHORT_RALLY","2","0.69","0.58","0.43","1","0.8","0","0","0","0","0.36341366171836853","7","Neutral return","Serve T | Return DEEP | Rally ATTACK_ME | Finish UNFORCED_ERROR","Punto in risposta, rally count 2, profilo SHORT, momento HOT, pressione NEUTRAL. Pattern prevalente: Neutral return. Probabilità stimata: 36.3%.","neutral_return_build","J. Sinner","D. Medvedev","BNP Paribas Open","Clay","BO3","F","0","0","3","0","15","0","2026-04-17T14:51:24.487Z"
"sess_1776434270933_4751","1","4","34","0","2","WIDE","WEAK","ANGLED","SHORT","ATTACK_OPP","DROP_SHOT","UNFORCED_ERROR","VOLLEY","SHORT_RALLY","2","0.69","0.55","0.43","1","0.6","0","0","0","0","0.5234072208404541","7","Neutral return","Serve WIDE | Return ANGLED | Rally ATTACK_OPP | Finish UNFORCED_ERROR","Punto in risposta, rally count 2, profilo SHORT, momento NEUTRAL, pressione NEUTRAL. Pattern prevalente: Neutral return. Probabilità stimata: 52.3%.","neutral_return_build","J. Sinner","D. Medvedev","BNP Paribas Open","Clay","BO3","F","0","0","3","0","15","15","2026-04-17T14:51:30.528Z"
"sess_1776434270933_4751","1","4","35","0","1","T","SAFE","CENTRAL","MEDIUM","DEFENSE_OPP","NET_APPROACH","FORCED_ERROR","VOLLEY","MEDIUM_RALLY","6","0.69","0.52","0.43","1","0.6","0","0","0","0","0.35303783416748047","7","Neutral return","Serve T | Return CENTRAL | Rally DEFENSE_OPP | Finish FORCED_ERROR","Punto in risposta, rally count 6, profilo MEDIUM, momento NEUTRAL, pressione NEUTRAL. Pattern prevalente: Neutral return. Probabilità stimata: 35.3%.","neutral_return_build","J. Sinner","D. Medvedev","BNP Paribas Open","Clay","BO3","F","0","0","3","0","15","30","2026-04-17T14:51:36.160Z"
"sess_1776434270933_4751","1","4","36","0","1","BODY","WEAK","DEEP","SHORT","NEUTRAL","NONE","UNFORCED_ERROR","FOREHAND","SHORT_RALLY","2","0.69","0.5","0.43","1","0.4","1","0","0","0","0.38026589155197144","6","Safe return","Serve BODY | Return DEEP | Rally NEUTRAL | Finish UNFORCED_ERROR","Punto in risposta, rally count 2, profilo SHORT, momento NEUTRAL, pressione GAME_POINT_FOR. Pattern prevalente: Safe return. Probabilità stimata: 38.0%.","return_safe","J. Sinner","D. Medvedev","BNP Paribas Open","Clay","BO3","F","0","0","3","0","15","40","2026-04-17T14:51:41.895Z"
"sess_1776434270933_4751","1","5","37","1","1","T","SAFE","SHORT","LONG","ATTACK_OPP","LOB","UNFORCED_ERROR","PASSING","LONG_RALLY","10","0.69","0.48","0.43","1","0.2","0","0","0","0","0.6885704398155212","1","Serve safe / percentage","Serve T | Return SHORT | Rally ATTACK_OPP | Finish UNFORCED_ERROR","Punto al servizio, rally count 10, profilo LONG, momento COLD, pressione NEUTRAL. Pattern prevalente: Serve safe / percentage. Probabilità stimata: 68.9%.","serve_plus_one_safe","J. Sinner","D. Medvedev","BNP Paribas Open","Clay","BO3","F","0","0","3","1","0","0","2026-04-17T14:51:47.631Z"
"sess_1776434270933_4751","1","5","38","1","2","T","AGGRESSIVE","DEEP","MEDIUM","ATTACK_OPP","INSIDE_IN","WINNER","BACKHAND","MEDIUM_RALLY","6","0.64","0.48","0.38","1","0","0","0","0","1","0.51554274559021","1","Serve safe / percentage","Serve T | Return DEEP | Rally ATTACK_OPP | Finish WINNER","Punto al servizio, rally count 6, profilo MEDIUM, momento COLD, pressione NEUTRAL. Pattern prevalente: Serve safe / percentage. Probabilità stimata: 51.6%.","serve_plus_one_safe","J. Sinner","D. Medvedev","BNP Paribas Open","Clay","BO3","F","0","0","3","1","0","15","2026-04-17T14:51:53.568Z"
"sess_1776434270933_4751","1","5","39","1","1","WIDE","AGGRESSIVE","CENTRAL","LONG","NEUTRAL","INSIDE_OUT","FORCED_ERROR","BACKHAND","LONG_RALLY","10","0.67","0.48","0.38","1","0.2","0","0","0","1","0.6885704398155212","1","Serve safe / percentage","Serve WIDE | Return CENTRAL | Rally NEUTRAL | Finish FORCED_ERROR","Punto al servizio, rally count 10, profilo LONG, momento COLD, pressione NEUTRAL. Pattern prevalente: Serve safe / percentage. Probabilità stimata: 68.9%.","serve_plus_one_safe","J. Sinner","D. Medvedev","BNP Paribas Open","Clay","BO3","F","0","0","3","1","15","15","2026-04-17T14:51:59.327Z"
"sess_1776434270933_4751","1","5","40","1","1","T","WEAK","CENTRAL","MEDIUM","ATTACK_OPP","PASSING","UNFORCED_ERROR","PASSING","PASSING_LOB","6","0.69","0.48","0.44","1","0.4","0","0","0","0","0.6958996057510376","1","Serve safe / percentage","Serve T | Return CENTRAL | Rally ATTACK_OPP | Finish UNFORCED_ERROR","Punto al servizio, rally count 6, profilo MEDIUM, momento NEUTRAL, pressione NEUTRAL. Pattern prevalente: Serve safe / percentage. Probabilità stimata: 69.6%.","serve_plus_one_safe","J. Sinner","D. Medvedev","BNP Paribas Open","Clay","BO3","F","0","0","3","1","30","15","2026-04-17T14:52:06.133Z"
"sess_1776434270933_4751","1","5","41","1","2","BODY","WEAK","","SHORT","ATTACK_ME","NONE","WINNER","BACKHAND","SERVE_DOMINANT","2","0.65","0.48","0.4","1","0.4","0","0","0","1","0.5234072208404541","1","Serve safe / percentage","Serve BODY | Rally ATTACK_ME | Finish WINNER","Punto al servizio, rally count 2, profilo SHORT, momento NEUTRAL, pressione NEUTRAL. Pattern prevalente: Serve safe / percentage. Probabilità stimata: 52.3%.","serve_plus_one_safe","J. Sinner","D. Medvedev","BNP Paribas Open","Clay","BO3","F","0","0","3","1","30","30","2026-04-17T14:52:11.488Z"
"sess_1776434270933_4751","1","5","42","1","2","T","SAFE","","SHORT","ATTACK_ME","NONE","UNFORCED_ERROR","BACKHAND","SERVE_DOMINANT","2","0.67","0.48","0.4","1","0.6","1","0","0","1","0.5174248218536377","1","Serve safe / percentage","Serve T | Rally ATTACK_ME | Finish UNFORCED_ERROR","Punto al servizio, rally count 2, profilo SHORT, momento NEUTRAL, pressione GAME_POINT_FOR. Pattern prevalente: Serve safe / percentage. Probabilità stimata: 51.7%.","serve_plus_one_safe","J. Sinner","D. Medvedev","BNP Paribas Open","Clay","BO3","F","0","0","3","1","40","30","2026-04-17T14:52:17.018Z"
"sess_1776434270933_4751","1","6","43","0","2","BODY","SAFE","SHORT","LONG","ATTACK_OPP","LINE_CHANGE","FORCED_ERROR","BACKHAND","DEFENSE_RECOVERY","10","0.68","0.48","0.4","1","0.8","0","0","0","1","0.5533446073532104","7","Neutral return","Serve BODY | Return SHORT | Rally ATTACK_OPP | Finish FORCED_ERROR","Punto in risposta, rally count 10, profilo LONG, momento HOT, pressione NEUTRAL. Pattern prevalente: Neutral return. Probabilità stimata: 55.3%.","neutral_return_build","J. Sinner","D. Medvedev","BNP Paribas Open","Clay","BO3","F","0","0","4","1","0","0","2026-04-17T14:52:22.650Z"
"sess_1776434270933_4751","1","6","44","0","1","BODY","SAFE","BLOCKED","MEDIUM","ATTACK_OPP","LINE_CHANGE","WINNER","OTHER","MEDIUM_RALLY","6","0.68","0.5","0.4","1","0.8","0","0","0","1","0.3572641611099243","7","Neutral return","Serve BODY | Return BLOCKED | Rally ATTACK_OPP | Finish WINNER","Punto in risposta, rally count 6, profilo MEDIUM, momento HOT, pressione NEUTRAL. Pattern prevalente: Neutral return. Probabilità stimata: 35.7%.","neutral_return_build","J. Sinner","D. Medvedev","BNP Paribas Open","Clay","BO3","F","0","0","4","1","15","0","2026-04-17T14:52:28.594Z"
"sess_1776434270933_4751","1","6","45","0","2","T","WEAK","DEEP","LONG","NEUTRAL","INSIDE_IN","UNFORCED_ERROR","BACKHAND","LONG_RALLY","10","0.68","0.52","0.4","1","0.8","0","0","0","1","0.5434613227844238","7","Neutral return","Serve T | Return DEEP | Rally NEUTRAL | Finish UNFORCED_ERROR","Punto in risposta, rally count 10, profilo LONG, momento HOT, pressione NEUTRAL. Pattern prevalente: Neutral return. Probabilità stimata: 54.3%.","neutral_return_build","J. Sinner","D. Medvedev","BNP Paribas Open","Clay","BO3","F","0","0","4","1","30","0","2026-04-17T14:52:34.426Z"
"sess_1776434270933_4751","1","6","46","0","1","T","SAFE","CENTRAL","LONG","ATTACK_OPP","NONE","FORCED_ERROR","BACKHAND","LONG_RALLY","10","0.68","0.54","0.4","1","1","0","1","1","0","0.36341366171836853","6","Safe return","Serve T | Return CENTRAL | Rally ATTACK_OPP | Finish FORCED_ERROR","Punto in risposta, rally count 10, profilo LONG, momento HOT, pressione GAME_POINT_AGAINST. Pattern prevalente: Safe return. Probabilità stimata: 36.3%.","return_safe","J. Sinner","D. Medvedev","BNP Paribas Open","Clay","BO3","F","0","0","4","1","40","0","2026-04-17T14:52:39.956Z"
"sess_1776434270933_4751","1","6","47","0","2","T","AGGRESSIVE","DEEP","LONG","ATTACK_OPP","NONE","UNFORCED_ERROR","BACKHAND","LONG_RALLY","10","0.68","0.52","0.4","1","0.8","0","1","1","1","0.5512691736221313","5","Aggressive return","Serve T | Return DEEP | Rally ATTACK_OPP | Finish UNFORCED_ERROR","Punto in risposta, rally count 10, profilo LONG, momento HOT, pressione GAME_POINT_AGAINST. Pattern prevalente: Aggressive return. Probabilità stimata: 55.1%.","return_pressure","J. Sinner","D. Medvedev","BNP Paribas Open","Clay","BO3","F","0","0","4","1","40","15","2026-04-17T14:52:45.690Z"
"sess_1776434270933_4751","1","7","48","1","1","BODY","WEAK","CENTRAL","MEDIUM","ATTACK_OPP","NONE","WINNER","VOLLEY","MEDIUM_RALLY","6","0.68","0.54","0.4","1","0.8","0","0","0","1","0.6944049000740051","1","Serve safe / percentage","Serve BODY | Return CENTRAL | Rally ATTACK_OPP | Finish WINNER","Punto al servizio, rally count 6, profilo MEDIUM, momento HOT, pressione NEUTRAL. Pattern prevalente: Serve safe / percentage. Probabilità stimata: 69.4%.","serve_plus_one_safe","J. Sinner","D. Medvedev","BNP Paribas Open","Clay","BO3","F","0","0","5","1","0","0","2026-04-17T14:52:51.322Z"
"sess_1776434270933_4751","1","7","49","1","ACE","","AGGRESSIVE","","SHORT","ATTACK_ME","NONE","WINNER","SERVE","SERVE_DOMINANT","2","0.7","0.54","0.45","1","0.8","0","0","0","1","0.6958996057510376","1","Serve safe / percentage","Serve T | Rally ATTACK_ME | Finish WINNER","Punto al servizio, rally count 2, profilo SHORT, momento HOT, pressione NEUTRAL. Pattern prevalente: Serve safe / percentage. Probabilità stimata: 69.6%.","serve_plus_one_safe","J. Sinner","D. Medvedev","BNP Paribas Open","Clay","BO3","F","0","0","5","1","15","0","2026-04-17T14:52:54.904Z"
"sess_1776434270933_4751","1","7","50","1","2","WIDE","AGGRESSIVE","BLOCKED","SHORT","ATTACK_OPP","NONE","UNFORCED_ERROR","FOREHAND","SHORT_RALLY","2","0.71","0.54","0.5","1","0.8","0","0","0","0","0.5174248218536377","1","Serve safe / percentage","Serve WIDE | Return BLOCKED | Rally ATTACK_OPP | Finish UNFORCED_ERROR","Punto al servizio, rally count 2, profilo SHORT, momento HOT, pressione NEUTRAL. Pattern prevalente: Serve safe / percentage. Probabilità stimata: 51.7%.","serve_plus_one_safe","J. Sinner","D. Medvedev","BNP Paribas Open","Clay","BO3","F","0","0","5","1","30","0","2026-04-17T14:53:00.475Z"
"sess_1776434270933_4751","1","7","51","1","2","T","WEAK","ANGLED","SHORT","ATTACK_OPP","INSIDE_OUT","FORCED_ERROR","FOREHAND","SHORT_RALLY","2","0.68","0.54","0.5","0.9","0.6","0","0","0","0","0.5066666603088379","1","Serve safe / percentage","Serve T | Return ANGLED | Rally ATTACK_OPP | Finish FORCED_ERROR","Punto al servizio, rally count 2, profilo SHORT, momento NEUTRAL, pressione NEUTRAL. Pattern prevalente: Serve safe / percentage. Probabilità stimata: 50.7%.","serve_plus_one_safe","J. Sinner","D. Medvedev","BNP Paribas Open","Clay","BO3","F","0","0","5","1","30","15","2026-04-17T14:53:06.273Z"
"sess_1776434270933_4751","1","7","52","1","1","T","AGGRESSIVE","CENTRAL","LONG","DEFENSE_ME","INSIDE_IN","UNFORCED_ERROR","FOREHAND","LONG_RALLY","10","0.65","0.54","0.5","0.82","0.6","0","0","0","1","0.679108202457428","1","Serve safe / percentage","Serve T | Return CENTRAL | Rally DEFENSE_ME | Finish UNFORCED_ERROR","Punto al servizio, rally count 10, profilo LONG, momento NEUTRAL, pressione NEUTRAL. Pattern prevalente: Serve safe / percentage. Probabilità stimata: 67.9%.","serve_plus_one_safe","J. Sinner","D. Medvedev","BNP Paribas Open","Clay","BO3","F","0","0","5","1","30","30","2026-04-17T14:53:12.212Z"
"sess_1776434270933_4751","1","7","53","1","1","BODY","SAFE","SHORT","MEDIUM","NEUTRAL","NONE","UNFORCED_ERROR","BACKHAND","MEDIUM_RALLY","6","0.67","0.54","0.54","0.82","0.6","1","0","0","1","0.704770565032959","1","Serve safe / percentage","Serve BODY | Return SHORT | Rally NEUTRAL | Finish UNFORCED_ERROR","Punto al servizio, rally count 6, profilo MEDIUM, momento NEUTRAL, pressione GAME_POINT_FOR. Pattern prevalente: Serve safe / percentage. Probabilità stimata: 70.5%.","serve_plus_one_safe","J. Sinner","D. Medvedev","BNP Paribas Open","Clay","BO3","F","0","0","5","1","40","30","2026-04-17T14:53:17.725Z"
"sess_1776434270933_4751","2","1","54","1","1","T","SAFE","CENTRAL","SHORT","NEUTRAL","NET_APPROACH","UNFORCED_ERROR","BACKHAND","SHORT_RALLY","2","0.68","0.54","0.57","0.82","0.6","0","0","0","0","0.6858283877372742","1","Serve safe / percentage","Serve T | Return CENTRAL | Rally NEUTRAL | Finish UNFORCED_ERROR","Punto al servizio, rally count 2, profilo SHORT, momento NEUTRAL, pressione NEUTRAL. Pattern prevalente: Serve safe / percentage. Probabilità stimata: 68.6%.","serve_plus_one_safe","J. Sinner","D. Medvedev","BNP Paribas Open","Clay","BO3","F","1","0","0","0","0","0","2026-04-17T14:53:23.578Z"
"sess_1776434270933_4751","2","1","55","1","2","WIDE","SAFE","DEEP","MEDIUM","ATTACK_ME","NET_APPROACH","UNFORCED_ERROR","BACKHAND","SHORT_BALL_ATTACK","6","0.65","0.54","0.53","0.82","0.4","0","0","0","0","0.5512691736221313","1","Serve safe / percentage","Serve WIDE | Return DEEP | Rally ATTACK_ME | Finish UNFORCED_ERROR","Punto al servizio, rally count 6, profilo MEDIUM, momento NEUTRAL, pressione NEUTRAL. Pattern prevalente: Serve safe / percentage. Probabilità stimata: 55.1%.","serve_plus_one_safe","J. Sinner","D. Medvedev","BNP Paribas Open","Clay","BO3","F","1","0","0","0","0","15","2026-04-17T14:53:29.234Z"
"sess_1776434270933_4751","2","1","56","1","1","T","AGGRESSIVE","ANGLED","SHORT","ATTACK_ME","NET_APPROACH","WINNER","BACKHAND","NET_PLAY","2","0.63","0.54","0.53","0.75","0.4","0","0","0","0","0.6868327260017395","1","Serve safe / percentage","Serve T | Return ANGLED | Rally ATTACK_ME | Finish WINNER","Punto al servizio, rally count 2, profilo SHORT, momento NEUTRAL, pressione NEUTRAL. Pattern prevalente: Serve safe / percentage. Probabilità stimata: 68.7%.","serve_plus_one_safe","J. Sinner","D. Medvedev","BNP Paribas Open","Clay","BO3","F","1","0","0","0","0","30","2026-04-17T14:53:35.649Z"
"sess_1776434270933_4751","2","1","57","1","1","BODY","AGGRESSIVE","DEEP","LONG","ATTACK_OPP","DROP_SHOT","UNFORCED_ERROR","PASSING","LONG_RALLY","10","0.61","0.54","0.5","0.75","0.4","0","1","1","1","0.6707693338394165","1","Serve safe / percentage","Serve BODY | Return DEEP | Rally ATTACK_OPP | Finish UNFORCED_ERROR","Punto al servizio, rally count 10, profilo LONG, momento NEUTRAL, pressione GAME_POINT_AGAINST. Pattern prevalente: Serve safe / percentage. Probabilità stimata: 67.1%.","serve_plus_one_safe","J. Sinner","D. Medvedev","BNP Paribas Open","Clay","BO3","F","1","0","0","0","0","40","2026-04-17T14:53:40.934Z"
"sess_1776434270933_4751","2","1","58","1","2","WIDE","WEAK","CENTRAL","LONG","DEFENSE_ME","NONE","UNFORCED_ERROR","PASSING","LONG_RALLY","10","0.62","0.54","0.53","0.75","0.4","0","1","1","1","0.5434613227844238","1","Serve safe / percentage","Serve WIDE | Return CENTRAL | Rally DEFENSE_ME | Finish UNFORCED_ERROR","Punto al servizio, rally count 10, profilo LONG, momento NEUTRAL, pressione GAME_POINT_AGAINST. Pattern prevalente: Serve safe / percentage. Probabilità stimata: 54.3%.","serve_plus_one_safe","J. Sinner","D. Medvedev","BNP Paribas Open","Clay","BO3","F","1","0","0","0","15","40","2026-04-17T14:53:46.925Z"
"sess_1776434270933_4751","2","1","59","1","1","WIDE","SAFE","DEEP","SHORT","ATTACK_OPP","LINE_CHANGE","UNFORCED_ERROR","FOREHAND","SHORT_RALLY","2","0.63","0.54","0.53","0.77","0.4","0","1","1","0","0.6858283877372742","1","Serve safe / percentage","Serve WIDE | Return DEEP | Rally ATTACK_OPP | Finish UNFORCED_ERROR","Punto al servizio, rally count 2, profilo SHORT, momento NEUTRAL, pressione GAME_POINT_AGAINST. Pattern prevalente: Serve safe / percentage. Probabilità stimata: 68.6%.","serve_plus_one_safe","J. Sinner","D. Medvedev","BNP Paribas Open","Clay","BO3","F","1","0","0","0","30","40","2026-04-17T14:53:52.660Z"
"sess_1776434270933_4751","2","2","60","0","1","T","SAFE","DEEP","LONG","NEUTRAL","INSIDE_IN","WINNER","OTHER","LONG_RALLY","10","0.61","0.54","0.5","0.77","0.4","0","0","0","0","0.37058159708976746","7","Neutral return","Serve T | Return DEEP | Rally NEUTRAL | Finish WINNER","Punto in risposta, rally count 10, profilo LONG, momento NEUTRAL, pressione NEUTRAL. Pattern prevalente: Neutral return. Probabilità stimata: 37.1%.","neutral_return_build","J. Sinner","D. Medvedev","BNP Paribas Open","Clay","BO3","F","1","0","0","1","0","0","2026-04-17T14:53:58.599Z"
"sess_1776434270933_4751","2","2","61","0","1","WIDE","SAFE","CENTRAL","SHORT","NEUTRAL","NONE","WINNER","FOREHAND","SHORT_RALLY","2","0.61","0.52","0.5","0.77","0.4","0","0","0","0","0.3572641611099243","7","Neutral return","Serve WIDE | Return CENTRAL | Rally NEUTRAL | Finish WINNER","Punto in risposta, rally count 2, profilo SHORT, momento NEUTRAL, pressione NEUTRAL. Pattern prevalente: Neutral return. Probabilità stimata: 35.7%.","neutral_return_build","J. Sinner","D. Medvedev","BNP Paribas Open","Clay","BO3","F","1","0","0","1","0","15","2026-04-17T14:54:04.231Z"
"sess_1776434270933_4751","2","2","62","0","2","T","WEAK","","SHORT","DEFENSE_ME","NONE","UNFORCED_ERROR","FOREHAND","SHORT_RALLY","2","0.61","0.5","0.5","0.77","0.4","0","0","0","1","0.5171194672584534","7","Neutral return","Serve T | Rally DEFENSE_ME | Finish UNFORCED_ERROR","Punto in risposta, rally count 2, profilo SHORT, momento NEUTRAL, pressione NEUTRAL. Pattern prevalente: Neutral return. Probabilità stimata: 51.7%.","neutral_return_build","J. Sinner","D. Medvedev","BNP Paribas Open","Clay","BO3","F","1","0","0","1","0","30","2026-04-17T14:54:11.297Z"
"sess_1776434270933_4751","2","2","63","0","2","WIDE","WEAK","DEEP","MEDIUM","NEUTRAL","NONE","WINNER","BACKHAND","MEDIUM_RALLY","6","0.61","0.52","0.5","0.77","0.4","0","0","0","1","0.5174248218536377","7","Neutral return","Serve WIDE | Return DEEP | Rally NEUTRAL | Finish WINNER","Punto in risposta, rally count 6, profilo MEDIUM, momento NEUTRAL, pressione NEUTRAL. Pattern prevalente: Neutral return. Probabilità stimata: 51.7%.","neutral_return_build","J. Sinner","D. Medvedev","BNP Paribas Open","Clay","BO3","F","1","0","0","1","15","30","2026-04-17T14:54:16.734Z"
"sess_1776434270933_4751","2","2","64","0","2","BODY","SAFE","ANGLED","SHORT","NEUTRAL","DROP_SHOT","WINNER","FOREHAND","SHORT_RALLY","2","0.61","0.53","0.5","0.77","0.4","0","0","0","1","0.5171194672584534","7","Neutral return","Serve BODY | Return ANGLED | Rally NEUTRAL | Finish WINNER","Punto in risposta, rally count 2, profilo SHORT, momento NEUTRAL, pressione NEUTRAL. Pattern prevalente: Neutral return. Probabilità stimata: 51.7%.","neutral_return_build","J. Sinner","D. Medvedev","BNP Paribas Open","Clay","BO3","F","1","0","0","1","30","30","2026-04-17T14:54:22.765Z"
"sess_1776434270933_4751","2","2","65","0","1","BODY","SAFE","CENTRAL","MEDIUM","DEFENSE_ME","NONE","FORCED_ERROR","FOREHAND","MEDIUM_RALLY","6","0.61","0.55","0.5","0.77","0.6","0","1","1","0","0.37581005692481995","6","Safe return","Serve BODY | Return CENTRAL | Rally DEFENSE_ME | Finish FORCED_ERROR","Punto in risposta, rally count 6, profilo MEDIUM, momento NEUTRAL, pressione GAME_POINT_AGAINST. Pattern prevalente: Safe return. Probabilità stimata: 37.6%.","return_safe","J. Sinner","D. Medvedev","BNP Paribas Open","Clay","BO3","F","1","0","0","1","40","30","2026-04-17T14:54:28.237Z"
"sess_1776434270933_4751","2","2","66","0","1","BODY","SAFE","SHORT","SHORT","ATTACK_ME","NONE","WINNER","FOREHAND","AGGRESSIVE_RETURN","2","0.61","0.53","0.5","0.77","0.6","0","0","0","1","0.34139591455459595","7","Neutral return","Serve BODY | Return SHORT | Rally ATTACK_ME | Finish WINNER","Punto in risposta, rally count 2, profilo SHORT, momento NEUTRAL, pressione NEUTRAL. Pattern prevalente: Neutral return. Probabilità stimata: 34.1%.","neutral_return_build","J. Sinner","D. Medvedev","BNP Paribas Open","Clay","BO3","F","1","0","0","1","40","40","2026-04-17T14:54:33.927Z"
"sess_1776434270933_4751","2","2","67","0","1","BODY","AGGRESSIVE","AGGRESSIVE","SHORT","ATTACK_ME","INSIDE_OUT","FORCED_ERROR","OTHER","AGGRESSIVE_RETURN","2","0.61","0.54","0.5","0.77","0.8","0","1","1","1","0.37058159708976746","6","Safe return","Serve BODY | Return AGGRESSIVE | Rally ATTACK_ME | Finish FORCED_ERROR","Punto in risposta, rally count 2, profilo SHORT, momento HOT, pressione GAME_POINT_AGAINST. Pattern prevalente: Safe return. Probabilità stimata: 37.1%.","return_safe","J. Sinner","D. Medvedev","BNP Paribas Open","Clay","BO3","F","1","0","0","1","Ad","40","2026-04-17T14:54:39.866Z"
"sess_1776434270933_4751","2","3","68","1","2","T","AGGRESSIVE","DEEP","MEDIUM","NEUTRAL","INSIDE_OUT","UNFORCED_ERROR","FOREHAND","MEDIUM_RALLY","6","0.61","0.56","0.5","0.77","0.8","0","0","0","0","0.5434613227844238","1","Serve safe / percentage","Serve T | Return DEEP | Rally NEUTRAL | Finish UNFORCED_ERROR","Punto al servizio, rally count 6, profilo MEDIUM, momento HOT, pressione NEUTRAL. Pattern prevalente: Serve safe / percentage. Probabilità stimata: 54.3%.","serve_plus_one_safe","J. Sinner","D. Medvedev","BNP Paribas Open","Clay","BO3","F","1","0","1","1","0","0","2026-04-17T14:54:45.601Z"
"sess_1776434270933_4751","2","3","69","1","1","BODY","AGGRESSIVE","CENTRAL","SHORT","ATTACK_OPP","NONE","UNFORCED_ERROR","BACKHAND","SHORT_RALLY","2","0.59","0.56","0.5","0.71","0.6","0","0","0","0","0.679108202457428","1","Serve safe / percentage","Serve BODY | Return CENTRAL | Rally ATTACK_OPP | Finish UNFORCED_ERROR","Punto al servizio, rally count 2, profilo SHORT, momento NEUTRAL, pressione NEUTRAL. Pattern prevalente: Serve safe / percentage. Probabilità stimata: 67.9%.","serve_plus_one_safe","J. Sinner","D. Medvedev","BNP Paribas Open","Clay","BO3","F","1","0","1","1","0","15","2026-04-17T14:54:51.745Z"
"sess_1776434270933_4751","2","3","70","1","1","T","AGGRESSIVE","BLOCKED","MEDIUM","ATTACK_OPP","NONE","UNFORCED_ERROR","FOREHAND","MEDIUM_RALLY","6","0.58","0.56","0.47","0.71","0.4","0","0","0","1","0.679108202457428","1","Serve safe / percentage","Serve T | Return BLOCKED | Rally ATTACK_OPP | Finish UNFORCED_ERROR","Punto al servizio, rally count 6, profilo MEDIUM, momento NEUTRAL, pressione NEUTRAL. Pattern prevalente: Serve safe / percentage. Probabilità stimata: 67.9%.","serve_plus_one_safe","J. Sinner","D. Medvedev","BNP Paribas Open","Clay","BO3","F","1","0","1","1","0","30","2026-04-17T14:54:56.762Z"
"sess_1776434270933_4751","2","3","71","1","1","T","WEAK","BLOCKED","SHORT","NEUTRAL","NET_APPROACH","UNFORCED_ERROR","BACKHAND","SHORT_RALLY","2","0.59","0.56","0.5","0.71","0.6","0","0","0","1","0.679108202457428","1","Serve safe / percentage","Serve T | Return BLOCKED | Rally NEUTRAL | Finish UNFORCED_ERROR","Punto al servizio, rally count 2, profilo SHORT, momento NEUTRAL, pressione NEUTRAL. Pattern prevalente: Serve safe / percentage. Probabilità stimata: 67.9%.","serve_plus_one_safe","J. Sinner","D. Medvedev","BNP Paribas Open","Clay","BO3","F","1","0","1","1","15","30","2026-04-17T14:55:02.701Z"
"sess_1776434270933_4751","2","3","72","1","1","T","SAFE","DEEP","LONG","DEFENSE_OPP","NONE","WINNER","FOREHAND","LONG_RALLY","10","0.6","0.56","0.52","0.71","0.6","0","0","0","1","0.679108202457428","1","Serve safe / percentage","Serve T | Return DEEP | Rally DEFENSE_OPP | Finish WINNER","Punto al servizio, rally count 10, profilo LONG, momento NEUTRAL, pressione NEUTRAL. Pattern prevalente: Serve safe / percentage. Probabilità stimata: 67.9%.","serve_plus_one_safe","J. Sinner","D. Medvedev","BNP Paribas Open","Clay","BO3","F","1","0","1","1","30","30","2026-04-17T14:55:08.436Z"
"sess_1776434270933_4751","2","3","73","1","2","WIDE","WEAK","BLOCKED","MEDIUM","NEUTRAL","LINE_CHANGE","FORCED_ERROR","FOREHAND","MEDIUM_RALLY","6","0.61","0.56","0.55","0.71","0.6","1","0","0","1","0.5174248218536377","1","Serve safe / percentage","Serve WIDE | Return BLOCKED | Rally NEUTRAL | Finish FORCED_ERROR","Punto al servizio, rally count 6, profilo MEDIUM, momento NEUTRAL, pressione GAME_POINT_FOR. Pattern prevalente: Serve safe / percentage. Probabilità stimata: 51.7%.","serve_plus_one_safe","J. Sinner","D. Medvedev","BNP Paribas Open","Clay","BO3","F","1","0","1","1","40","30","2026-04-17T14:55:14.137Z"
"sess_1776434270933_4751","2","4","74","0","1","WIDE","AGGRESSIVE","BLOCKED","MEDIUM","DEFENSE_ME","INSIDE_OUT","WINNER","FOREHAND","SHORT_BALL_ATTACK","6","0.62","0.56","0.55","0.73","0.8","0","0","0","1","0.3639240562915802","7","Neutral return","Serve WIDE | Return BLOCKED | Rally DEFENSE_ME | Finish WINNER","Punto in risposta, rally count 6, profilo MEDIUM, momento HOT, pressione NEUTRAL. Pattern prevalente: Neutral return. Probabilità stimata: 36.4%.","neutral_return_build","J. Sinner","D. Medvedev","BNP Paribas Open","Clay","BO3","F","1","0","2","1","0","0","2026-04-17T14:55:19.905Z"
"sess_1776434270933_4751","2","4","75","0","1","T","SAFE","AGGRESSIVE","MEDIUM","NEUTRAL","NET_APPROACH","FORCED_ERROR","BACKHAND","MEDIUM_RALLY","6","0.62","0.57","0.55","0.73","1","0","0","0","0","0.36341366171836853","7","Neutral return","Serve T | Return AGGRESSIVE | Rally NEUTRAL | Finish FORCED_ERROR","Punto in risposta, rally count 6, profilo MEDIUM, momento HOT, pressione NEUTRAL. Pattern prevalente: Neutral return. Probabilità stimata: 36.3%.","neutral_return_build","J. Sinner","D. Medvedev","BNP Paribas Open","Clay","BO3","F","1","0","2","1","15","0","2026-04-17T14:55:25.844Z"
"sess_1776434270933_4751","2","4","76","0","1","BODY","AGGRESSIVE","DEEP","LONG","ATTACK_OPP","INSIDE_OUT","FORCED_ERROR","OTHER","LONG_RALLY","10","0.62","0.55","0.55","0.73","0.8","0","0","0","0","0.363851934671402","7","Neutral return","Serve BODY | Return DEEP | Rally ATTACK_OPP | Finish FORCED_ERROR","Punto in risposta, rally count 10, profilo LONG, momento HOT, pressione NEUTRAL. Pattern prevalente: Neutral return. Probabilità stimata: 36.4%.","neutral_return_build","J. Sinner","D. Medvedev","BNP Paribas Open","Clay","BO3","F","1","0","2","1","15","15","2026-04-17T14:55:31.681Z"
"sess_1776434270933_4751","2","4","77","0","1","BODY","WEAK","DEEP","LONG","NEUTRAL","INSIDE_OUT","UNFORCED_ERROR","OTHER","LONG_RALLY","10","0.62","0.54","0.55","0.73","0.6","0","0","0","0","0.36341366171836853","7","Neutral return","Serve BODY | Return DEEP | Rally NEUTRAL | Finish UNFORCED_ERROR","Punto in risposta, rally count 10, profilo LONG, momento NEUTRAL, pressione NEUTRAL. Pattern prevalente: Neutral return. Probabilità stimata: 36.3%.","neutral_return_build","J. Sinner","D. Medvedev","BNP Paribas Open","Clay","BO3","F","1","0","2","1","15","30","2026-04-17T14:55:37.518Z"
"sess_1776434270933_4751","2","4","78","0","1","WIDE","AGGRESSIVE","CENTRAL","SHORT","NEUTRAL","DROP_SHOT","UNFORCED_ERROR","FOREHAND","SHORT_RALLY","2","0.62","0.53","0.55","0.73","0.4","1","0","0","0","0.39926233887672424","6","Safe return","Serve WIDE | Return CENTRAL | Rally NEUTRAL | Finish UNFORCED_ERROR","Punto in risposta, rally count 2, profilo SHORT, momento NEUTRAL, pressione GAME_POINT_FOR. Pattern prevalente: Safe return. Probabilità stimata: 39.9%.","return_safe","J. Sinner","D. Medvedev","BNP Paribas Open","Clay","BO3","F","1","0","2","1","15","40","2026-04-17T14:55:43.354Z"
"sess_1776434270933_4751","2","5","79","1","1","BODY","AGGRESSIVE","","SHORT","ATTACK_ME","NONE","UNFORCED_ERROR","SERVE","SERVE_DOMINANT","2","0.62","0.51","0.55","0.73","0.2","0","0","0","1","0.6858283877372742","1","Serve safe / percentage","Serve BODY | Rally ATTACK_ME | Finish UNFORCED_ERROR","Punto al servizio, rally count 2, profilo SHORT, momento COLD, pressione NEUTRAL. Pattern prevalente: Serve safe / percentage. Probabilità stimata: 68.6%.","serve_plus_one_safe","J. Sinner","D. Medvedev","BNP Paribas Open","Clay","BO3","F","1","0","2","2","0","0","2026-04-17T14:55:48.782Z"
"sess_1776434270933_4751","2","5","80","1","1","T","WEAK","","SHORT","ATTACK_ME","NONE","FORCED_ERROR","FOREHAND","SERVE_DOMINANT","2","0.63","0.51","0.57","0.73","0.2","0","0","0","1","0.679108202457428","1","Serve safe / percentage","Serve T | Rally ATTACK_ME | Finish FORCED_ERROR","Punto al servizio, rally count 2, profilo SHORT, momento COLD, pressione NEUTRAL. Pattern prevalente: Serve safe / percentage. Probabilità stimata: 67.9%.","serve_plus_one_safe","J. Sinner","D. Medvedev","BNP Paribas Open","Clay","BO3","F","1","0","2","2","15","0","2026-04-17T14:55:54.311Z"
"sess_1776434270933_4751","2","5","81","1","1","WIDE","SAFE","DEEP","SHORT","NEUTRAL","NONE","WINNER","FOREHAND","SHORT_RALLY","2","0.64","0.51","0.58","0.73","0.4","0","0","0","0","0.6885704398155212","1","Serve safe / percentage","Serve WIDE | Return DEEP | Rally NEUTRAL | Finish WINNER","Punto al servizio, rally count 2, profilo SHORT, momento NEUTRAL, pressione NEUTRAL. Pattern prevalente: Serve safe / percentage. Probabilità stimata: 68.9%.","serve_plus_one_safe","J. Sinner","D. Medvedev","BNP Paribas Open","Clay","BO3","F","1","0","2","2","30","0","2026-04-17T14:55:59.841Z"
"sess_1776434270933_4751","2","5","82","1","1","BODY","WEAK","AGGRESSIVE","MEDIUM","DEFENSE_OPP","NONE","UNFORCED_ERROR","VOLLEY","MEDIUM_RALLY","6","0.63","0.51","0.56","0.73","0.4","0","0","0","1","0.6868327260017395","1","Serve safe / percentage","Serve BODY | Return AGGRESSIVE | Rally DEFENSE_OPP | Finish UNFORCED_ERROR","Punto al servizio, rally count 6, profilo MEDIUM, momento NEUTRAL, pressione NEUTRAL. Pattern prevalente: Serve safe / percentage. Probabilità stimata: 68.7%.","serve_plus_one_safe","J. Sinner","D. Medvedev","BNP Paribas Open","Clay","BO3","F","1","0","2","2","30","15","2026-04-17T14:56:05.473Z"
"sess_1776434270933_4751","2","5","83","1","1","WIDE","SAFE","AGGRESSIVE","SHORT","ATTACK_ME","DROP_SHOT","WINNER","FOREHAND","NET_PLAY","2","0.63","0.51","0.58","0.73","0.6","1","0","0","1","0.6958996057510376","1","Serve safe / percentage","Serve WIDE | Return AGGRESSIVE | Rally ATTACK_ME | Finish WINNER","Punto al servizio, rally count 2, profilo SHORT, momento NEUTRAL, pressione GAME_POINT_FOR. Pattern prevalente: Serve safe / percentage. Probabilità stimata: 69.6%.","serve_plus_one_safe","J. Sinner","D. Medvedev","BNP Paribas Open","Clay","BO3","F","1","0","2","2","40","15","2026-04-17T14:56:11.225Z"
"sess_1776434270933_4751","2","6","84","0","1","BODY","SAFE","BLOCKED","LONG","ATTACK_ME","DROP_SHOT","UNFORCED_ERROR","BACKHAND","LONG_RALLY","10","0.64","0.51","0.59","0.73","0.8","0","0","0","0","0.34600481390953064","7","Neutral return","Serve BODY | Return BLOCKED | Rally ATTACK_ME | Finish UNFORCED_ERROR","Punto in risposta, rally count 10, profilo LONG, momento HOT, pressione NEUTRAL. Pattern prevalente: Neutral return. Probabilità stimata: 34.6%.","neutral_return_build","J. Sinner","D. Medvedev","BNP Paribas Open","Clay","BO3","F","1","0","3","2","0","0","2026-04-17T14:56:17.043Z"
"sess_1776434270933_4751","2","6","85","0","1","BODY","AGGRESSIVE","DEEP","SHORT","ATTACK_ME","NONE","WINNER","FOREHAND","SHORT_RALLY","2","0.64","0.5","0.59","0.73","0.6","0","0","0","0","0.3326714038848877","7","Neutral return","Serve BODY | Return DEEP | Rally ATTACK_ME | Finish WINNER","Punto in risposta, rally count 2, profilo SHORT, momento NEUTRAL, pressione NEUTRAL. Pattern prevalente: Neutral return. Probabilità stimata: 33.3%.","neutral_return_build","J. Sinner","D. Medvedev","BNP Paribas Open","Clay","BO3","F","1","0","3","2","0","15","2026-04-17T14:56:22.531Z"
"sess_1776434270933_4751","2","6","86","0","2","WIDE","SAFE","DEEP","LONG","DEFENSE_ME","NONE","UNFORCED_ERROR","BACKHAND","DEFENSE_RECOVERY","10","0.64","0.49","0.59","0.73","0.4","0","0","0","0","0.5512691736221313","7","Neutral return","Serve WIDE | Return DEEP | Rally DEFENSE_ME | Finish UNFORCED_ERROR","Punto in risposta, rally count 10, profilo LONG, momento NEUTRAL, pressione NEUTRAL. Pattern prevalente: Neutral return. Probabilità stimata: 55.1%.","neutral_return_build","J. Sinner","D. Medvedev","BNP Paribas Open","Clay","BO3","F","1","0","3","2","0","30","2026-04-17T14:56:28.410Z"
"sess_1776434270933_4751","2","6","87","0","2","WIDE","WEAK","CENTRAL","MEDIUM","NEUTRAL","NONE","FORCED_ERROR","FOREHAND","MEDIUM_RALLY","6","0.64","0.48","0.59","0.73","0.4","1","0","0","0","0.5637189745903015","7","Neutral return","Serve WIDE | Return CENTRAL | Rally NEUTRAL | Finish FORCED_ERROR","Punto in risposta, rally count 6, profilo MEDIUM, momento NEUTRAL, pressione GAME_POINT_FOR. Pattern prevalente: Neutral return. Probabilità stimata: 56.4%.","neutral_return_build","J. Sinner","D. Medvedev","BNP Paribas Open","Clay","BO3","F","1","0","3","2","0","40","2026-04-17T14:56:33.940Z"
"sess_1776434270933_4751","2","7","88","1","2","WIDE","AGGRESSIVE","SHORT","MEDIUM","NEUTRAL","NET_APPROACH","UNFORCED_ERROR","BACKHAND","MEDIUM_RALLY","6","0.64","0.47","0.59","0.73","0.2","0","0","0","0","0.5083911418914795","1","Serve safe / percentage","Serve WIDE | Return SHORT | Rally NEUTRAL | Finish UNFORCED_ERROR","Punto al servizio, rally count 6, profilo MEDIUM, momento COLD, pressione NEUTRAL. Pattern prevalente: Serve safe / percentage. Probabilità stimata: 50.8%.","serve_plus_one_safe","J. Sinner","D. Medvedev","BNP Paribas Open","Clay","BO3","F","1","0","3","3","0","0","2026-04-17T14:56:39.777Z"
"sess_1776434270933_4751","2","7","89","1","1","WIDE","AGGRESSIVE","CENTRAL","SHORT","ATTACK_OPP","NONE","WINNER","FOREHAND","SHORT_RALLY","2","0.63","0.47","0.59","0.69","0","0","0","0","1","0.679108202457428","1","Serve safe / percentage","Serve WIDE | Return CENTRAL | Rally ATTACK_OPP | Finish WINNER","Punto al servizio, rally count 2, profilo SHORT, momento COLD, pressione NEUTRAL. Pattern prevalente: Serve safe / percentage. Probabilità stimata: 67.9%.","serve_plus_one_safe","J. Sinner","D. Medvedev","BNP Paribas Open","Clay","BO3","F","1","0","3","3","0","15","2026-04-17T14:56:45.511Z"
"sess_1776434270933_4751","2","7","90","1","1","T","SAFE","ANGLED","SHORT","ATTACK_ME","NONE","FORCED_ERROR","BACKHAND","SHORT_RALLY","2","0.64","0.47","0.61","0.69","0.2","0","0","0","0","0.6885704398155212","1","Serve safe / percentage","Serve T | Return ANGLED | Rally ATTACK_ME | Finish FORCED_ERROR","Punto al servizio, rally count 2, profilo SHORT, momento COLD, pressione NEUTRAL. Pattern prevalente: Serve safe / percentage. Probabilità stimata: 68.9%.","serve_plus_one_safe","J. Sinner","D. Medvedev","BNP Paribas Open","Clay","BO3","F","1","0","3","3","15","15","2026-04-17T14:56:50.933Z"
"sess_1776434270933_4751","2","7","91","1","1","BODY","AGGRESSIVE","CENTRAL","LONG","ATTACK_OPP","LINE_CHANGE","UNFORCED_ERROR","BACKHAND","LONG_RALLY","10","0.62","0.47","0.59","0.69","0.2","0","0","0","1","0.6707693338394165","1","Serve safe / percentage","Serve BODY | Return CENTRAL | Rally ATTACK_OPP | Finish UNFORCED_ERROR","Punto al servizio, rally count 10, profilo LONG, momento COLD, pressione NEUTRAL. Pattern prevalente: Serve safe / percentage. Probabilità stimata: 67.1%.","serve_plus_one_safe","J. Sinner","D. Medvedev","BNP Paribas Open","Clay","BO3","F","1","0","3","3","15","30","2026-04-17T14:56:56.823Z"
"sess_1776434270933_4751","2","7","92","1","2","WIDE","SAFE","CENTRAL","LONG","ATTACK_ME","NONE","FORCED_ERROR","OTHER","DEFENSE_RECOVERY","10","0.63","0.47","0.6","0.69","0.4","0","0","0","0","0.48600122332572937","3","Serve neutral / mixed","Serve WIDE | Return CENTRAL | Rally ATTACK_ME | Finish FORCED_ERROR","Punto al servizio, rally count 10, profilo LONG, momento NEUTRAL, pressione NEUTRAL. Pattern prevalente: Serve neutral / mixed. Probabilità stimata: 48.6%.","serve_neutral_build","J. Sinner","D. Medvedev","BNP Paribas Open","Clay","BO3","F","1","0","3","3","30","30","2026-04-17T14:57:02.425Z"
"sess_1776434270933_4751","2","7","93","1","2","WIDE","WEAK","DEEP","LONG","DEFENSE_ME","NONE","UNFORCED_ERROR","FOREHAND","LONG_RALLY","10","0.62","0.47","0.6","0.65","0.4","0","1","1","0","0.48150327801704407","1","Serve safe / percentage","Serve WIDE | Return DEEP | Rally DEFENSE_ME | Finish UNFORCED_ERROR","Punto al servizio, rally count 10, profilo LONG, momento NEUTRAL, pressione GAME_POINT_AGAINST. Pattern prevalente: Serve safe / percentage. Probabilità stimata: 48.2%.","serve_plus_one_safe","J. Sinner","D. Medvedev","BNP Paribas Open","Clay","BO3","F","1","0","3","3","30","40","2026-04-17T14:57:08.143Z"
"sess_1776434270933_4751","2","8","94","0","2","T","WEAK","SHORT","SHORT","NEUTRAL","NET_APPROACH","UNFORCED_ERROR","FOREHAND","SHORT_RALLY","2","0.6","0.47","0.6","0.61","0.4","0","0","0","0","0.5434613227844238","7","Neutral return","Serve T | Return SHORT | Rally NEUTRAL | Finish UNFORCED_ERROR","Punto in risposta, rally count 2, profilo SHORT, momento NEUTRAL, pressione NEUTRAL. Pattern prevalente: Neutral return. Probabilità stimata: 54.3%.","neutral_return_build","J. Sinner","D. Medvedev","BNP Paribas Open","Clay","BO3","F","1","0","3","4","0","0","2026-04-17T14:57:14.080Z"
"sess_1776434270933_4751","2","8","95","0","1","T","AGGRESSIVE","DEEP","MEDIUM","DEFENSE_ME","PASSING","UNFORCED_ERROR","PASSING","PASSING_LOB","6","0.6","0.46","0.6","0.61","0.2","0","0","0","1","0.34139591455459595","6","Safe return","Serve T | Return DEEP | Rally DEFENSE_ME | Finish UNFORCED_ERROR","Punto in risposta, rally count 6, profilo MEDIUM, momento COLD, pressione NEUTRAL. Pattern prevalente: Safe return. Probabilità stimata: 34.1%.","return_safe","J. Sinner","D. Medvedev","BNP Paribas Open","Clay","BO3","F","1","0","3","4","0","15","2026-04-17T14:57:19.815Z"
"sess_1776434270933_4751","2","8","96","0","2","BODY","SAFE","CENTRAL","MEDIUM","ATTACK_OPP","INSIDE_OUT","UNFORCED_ERROR","FOREHAND","MEDIUM_RALLY","6","0.6","0.47","0.6","0.61","0.4","0","0","0","1","0.5512691736221313","7","Neutral return","Serve BODY | Return CENTRAL | Rally ATTACK_OPP | Finish UNFORCED_ERROR","Punto in risposta, rally count 6, profilo MEDIUM, momento NEUTRAL, pressione NEUTRAL. Pattern prevalente: Neutral return. Probabilità stimata: 55.1%.","neutral_return_build","J. Sinner","D. Medvedev","BNP Paribas Open","Clay","BO3","F","1","0","3","4","15","15","2026-04-17T14:57:25.652Z"
"sess_1776434270933_4751","2","8","97","0","2","WIDE","SAFE","DEEP","MEDIUM","ATTACK_ME","LINE_CHANGE","WINNER","OTHER","SHORT_BALL_ATTACK","6","0.6","0.48","0.6","0.61","0.4","0","0","0","0","0.5512691736221313","7","Neutral return","Serve WIDE | Return DEEP | Rally ATTACK_ME | Finish WINNER","Punto in risposta, rally count 6, profilo MEDIUM, momento NEUTRAL, pressione NEUTRAL. Pattern prevalente: Neutral return. Probabilità stimata: 55.1%.","neutral_return_build","J. Sinner","D. Medvedev","BNP Paribas Open","Clay","BO3","F","1","0","3","4","30","15","2026-04-17T14:57:31.531Z"
"sess_1776434270933_4751","2","8","98","0","1","T","SAFE","DEEP","SHORT","ATTACK_ME","NONE","UNFORCED_ERROR","FOREHAND","SHORT_RALLY","2","0.6","0.47","0.6","0.61","0.4","0","0","0","0","0.34139591455459595","7","Neutral return","Serve T | Return DEEP | Rally ATTACK_ME | Finish UNFORCED_ERROR","Punto in risposta, rally count 2, profilo SHORT, momento NEUTRAL, pressione NEUTRAL. Pattern prevalente: Neutral return. Probabilità stimata: 34.1%.","neutral_return_build","J. Sinner","D. Medvedev","BNP Paribas Open","Clay","BO3","F","1","0","3","4","30","30","2026-04-17T14:57:37.033Z"
"sess_1776434270933_4751","2","8","99","0","1","WIDE","AGGRESSIVE","CENTRAL","MEDIUM","NEUTRAL","NONE","UNFORCED_ERROR","FOREHAND","MEDIUM_RALLY","6","0.6","0.46","0.6","0.61","0.4","1","0","0","1","0.39926233887672424","6","Safe return","Serve WIDE | Return CENTRAL | Rally NEUTRAL | Finish UNFORCED_ERROR","Punto in risposta, rally count 6, profilo MEDIUM, momento NEUTRAL, pressione GAME_POINT_FOR. Pattern prevalente: Safe return. Probabilità stimata: 39.9%.","return_safe","J. Sinner","D. Medvedev","BNP Paribas Open","Clay","BO3","F","1","0","3","4","30","40","2026-04-17T14:57:42.753Z"
"sess_1776434270933_4751","2","8","100","0","1","T","SAFE","CENTRAL","MEDIUM","DEFENSE_ME","NET_APPROACH","FORCED_ERROR","FOREHAND","SHORT_BALL_ATTACK","6","0.6","0.47","0.6","0.61","0.6","0","0","0","0","0.34600481390953064","7","Neutral return","Serve T | Return CENTRAL | Rally DEFENSE_ME | Finish FORCED_ERROR","Punto in risposta, rally count 6, profilo MEDIUM, momento NEUTRAL, pressione NEUTRAL. Pattern prevalente: Neutral return. Probabilità stimata: 34.6%.","neutral_return_build","J. Sinner","D. Medvedev","BNP Paribas Open","Clay","BO3","F","1","0","3","4","40","40","2026-04-17T14:57:48.589Z"
"sess_1776434270933_4751","2","8","101","0","2","WIDE","SAFE","DEEP","LONG","DEFENSE_ME","LOB","FORCED_ERROR","BACKHAND","DEFENSE_RECOVERY","10","0.6","0.46","0.6","0.61","0.4","1","0","0","0","0.544951856136322","7","Neutral return","Serve WIDE | Return DEEP | Rally DEFENSE_ME | Finish FORCED_ERROR","Punto in risposta, rally count 10, profilo LONG, momento NEUTRAL, pressione GAME_POINT_FOR. Pattern prevalente: Neutral return. Probabilità stimata: 54.5%.","neutral_return_build","J. Sinner","D. Medvedev","BNP Paribas Open","Clay","BO3","F","1","0","3","4","40","Ad","2026-04-17T14:57:54.324Z"
"sess_1776434270933_4751","2","9","102","1","2","WIDE","SAFE","ANGLED","SHORT","NEUTRAL","NONE","UNFORCED_ERROR","OTHER","SHORT_RALLY","2","0.6","0.45","0.6","0.61","0.2","0","0","0","1","0.5093733072280884","1","Serve safe / percentage","Serve WIDE | Return ANGLED | Rally NEUTRAL | Finish UNFORCED_ERROR","Punto al servizio, rally count 2, profilo SHORT, momento COLD, pressione NEUTRAL. Pattern prevalente: Serve safe / percentage. Probabilità stimata: 50.9%.","serve_plus_one_safe","J. Sinner","D. Medvedev","BNP Paribas Open","Clay","BO3","F","1","0","3","5","0","0","2026-04-17T14:57:59.935Z"
"sess_1776434270933_4751","2","9","103","1","1","T","WEAK","DEEP","MEDIUM","ATTACK_OPP","NONE","UNFORCED_ERROR","PASSING","MEDIUM_RALLY","6","0.61","0.45","0.6","0.63","0.4","0","0","0","0","0.6707693338394165","3","Serve neutral / mixed","Serve T | Return DEEP | Rally ATTACK_OPP | Finish UNFORCED_ERROR","Punto al servizio, rally count 6, profilo MEDIUM, momento NEUTRAL, pressione NEUTRAL. Pattern prevalente: Serve neutral / mixed. Probabilità stimata: 67.1%.","serve_neutral_build","J. Sinner","D. Medvedev","BNP Paribas Open","Clay","BO3","F","1","0","3","5","15","0","2026-04-17T14:58:05.691Z"
"sess_1776434270933_4751","2","9","104","1","2","BODY","SAFE","AGGRESSIVE","MEDIUM","NEUTRAL","LINE_CHANGE","FORCED_ERROR","FOREHAND","MEDIUM_RALLY","6","0.6","0.45","0.58","0.63","0.4","0","0","0","1","0.503276526927948","1","Serve safe / percentage","Serve BODY | Return AGGRESSIVE | Rally NEUTRAL | Finish FORCED_ERROR","Punto al servizio, rally count 6, profilo MEDIUM, momento NEUTRAL, pressione NEUTRAL. Pattern prevalente: Serve safe / percentage. Probabilità stimata: 50.3%.","serve_plus_one_safe","J. Sinner","D. Medvedev","BNP Paribas Open","Clay","BO3","F","1","0","3","5","15","15","2026-04-17T14:58:11.424Z"
"sess_1776434270933_4751","2","9","105","1","1","WIDE","WEAK","DEEP","MEDIUM","NEUTRAL","NET_APPROACH","WINNER","BACKHAND","MEDIUM_RALLY","6","0.61","0.45","0.58","0.65","0.4","0","0","0","1","0.6707693338394165","1","Serve safe / percentage","Serve WIDE | Return DEEP | Rally NEUTRAL | Finish WINNER","Punto al servizio, rally count 6, profilo MEDIUM, momento NEUTRAL, pressione NEUTRAL. Pattern prevalente: Serve safe / percentage. Probabilità stimata: 67.1%.","serve_plus_one_safe","J. Sinner","D. Medvedev","BNP Paribas Open","Clay","BO3","F","1","0","3","5","30","15","2026-04-17T14:58:17.364Z"
"sess_1776434270933_4751","2","9","106","1","1","WIDE","AGGRESSIVE","ANGLED","LONG","ATTACK_OPP","INSIDE_OUT","UNFORCED_ERROR","BACKHAND","LONG_RALLY","10","0.62","0.45","0.59","0.65","0.6","1","0","0","0","0.6885704398155212","1","Serve safe / percentage","Serve WIDE | Return ANGLED | Rally ATTACK_OPP | Finish UNFORCED_ERROR","Punto al servizio, rally count 10, profilo LONG, momento NEUTRAL, pressione GAME_POINT_FOR. Pattern prevalente: Serve safe / percentage. Probabilità stimata: 68.9%.","serve_plus_one_safe","J. Sinner","D. Medvedev","BNP Paribas Open","Clay","BO3","F","1","0","3","5","40","15","2026-04-17T14:58:23.099Z"
"sess_1776434270933_4751","2","9","107","1","1","WIDE","AGGRESSIVE","","SHORT","ATTACK_ME","NONE","WINNER","BACKHAND","SERVE_DOMINANT","2","0.6","0.45","0.58","0.65","0.6","1","0","0","1","0.6925046443939209","1","Serve safe / percentage","Serve WIDE | Rally ATTACK_ME | Finish WINNER","Punto al servizio, rally count 2, profilo SHORT, momento NEUTRAL, pressione GAME_POINT_FOR. Pattern prevalente: Serve safe / percentage. Probabilità stimata: 69.3%.","serve_plus_one_safe","J. Sinner","D. Medvedev","BNP Paribas Open","Clay","BO3","F","1","0","3","5","40","30","2026-04-17T14:58:28.935Z"
"sess_1776434270933_4751","2","10","108","0","2","WIDE","SAFE","ANGLED","SHORT","DEFENSE_OPP","NONE","UNFORCED_ERROR","BACKHAND","AGGRESSIVE_RETURN","2","0.61","0.45","0.59","0.65","0.6","0","0","0","1","0.5234072208404541","7","Neutral return","Serve WIDE | Return ANGLED | Rally DEFENSE_OPP | Finish UNFORCED_ERROR","Punto in risposta, rally count 2, profilo SHORT, momento NEUTRAL, pressione NEUTRAL. Pattern prevalente: Neutral return. Probabilità stimata: 52.3%.","neutral_return_build","J. Sinner","D. Medvedev","BNP Paribas Open","Clay","BO3","F","1","0","4","5","0","0","2026-04-17T14:58:34.160Z"
"sess_1776434270933_4751","2","10","109","0","1","WIDE","AGGRESSIVE","DEEP","LONG","NEUTRAL","NONE","WINNER","FOREHAND","LONG_RALLY","10","0.61","0.46","0.59","0.65","0.8","0","0","0","0","0.36341366171836853","7","Neutral return","Serve WIDE | Return DEEP | Rally NEUTRAL | Finish WINNER","Punto in risposta, rally count 10, profilo LONG, momento HOT, pressione NEUTRAL. Pattern prevalente: Neutral return. Probabilità stimata: 36.3%.","neutral_return_build","J. Sinner","D. Medvedev","BNP Paribas Open","Clay","BO3","F","1","0","4","5","15","0","2026-04-17T14:58:39.892Z"
"sess_1776434270933_4751","2","10","110","0","1","T","SAFE","BLOCKED","SHORT","ATTACK_ME","NONE","FORCED_ERROR","FOREHAND","SHORT_RALLY","2","0.61","0.45","0.59","0.65","0.6","0","0","0","0","0.3413158655166626","7","Neutral return","Serve T | Return BLOCKED | Rally ATTACK_ME | Finish FORCED_ERROR","Punto in risposta, rally count 2, profilo SHORT, momento NEUTRAL, pressione NEUTRAL. Pattern prevalente: Neutral return. Probabilità stimata: 34.1%.","neutral_return_build","J. Sinner","D. Medvedev","BNP Paribas Open","Clay","BO3","F","1","0","4","5","15","15","2026-04-17T14:58:45.524Z"
"sess_1776434270933_4751","2","10","111","0","1","T","AGGRESSIVE","ANGLED","SHORT","ATTACK_OPP","NONE","FORCED_ERROR","FOREHAND","SHORT_RALLY","2","0.61","0.45","0.59","0.65","0.4","0","0","0","1","0.34139591455459595","7","Neutral return","Serve T | Return ANGLED | Rally ATTACK_OPP | Finish FORCED_ERROR","Punto in risposta, rally count 2, profilo SHORT, momento NEUTRAL, pressione NEUTRAL. Pattern prevalente: Neutral return. Probabilità stimata: 34.1%.","neutral_return_build","J. Sinner","D. Medvedev","BNP Paribas Open","Clay","BO3","F","1","0","4","5","15","30","2026-04-17T14:58:51.026Z"
"sess_1776434270933_4751","2","10","112","0","1","BODY","SAFE","DEEP","LONG","ATTACK_OPP","DROP_SHOT","UNFORCED_ERROR","BACKHAND","LONG_RALLY","10","0.61","0.46","0.59","0.65","0.6","0","0","0","0","0.35303783416748047","7","Neutral return","Serve BODY | Return DEEP | Rally ATTACK_OPP | Finish UNFORCED_ERROR","Punto in risposta, rally count 10, profilo LONG, momento NEUTRAL, pressione NEUTRAL. Pattern prevalente: Neutral return. Probabilità stimata: 35.3%.","neutral_return_build","J. Sinner","D. Medvedev","BNP Paribas Open","Clay","BO3","F","1","0","4","5","30","30","2026-04-17T14:58:56.788Z"
"sess_1776434270933_4751","2","10","113","0","1","WIDE","AGGRESSIVE","ANGLED","LONG","ATTACK_ME","INSIDE_OUT","FORCED_ERROR","BACKHAND","LONG_RALLY","10","0.61","0.45","0.59","0.65","0.4","1","0","0","0","0.39926233887672424","6","Safe return","Serve WIDE | Return ANGLED | Rally ATTACK_ME | Finish FORCED_ERROR","Punto in risposta, rally count 10, profilo LONG, momento NEUTRAL, pressione GAME_POINT_FOR. Pattern prevalente: Safe return. Probabilità stimata: 39.9%.","return_safe","J. Sinner","D. Medvedev","BNP Paribas Open","Clay","BO3","F","1","0","4","5","30","40","2026-04-17T14:59:02.727Z"
"sess_1776434270933_4751","3","1","114","1","1","WIDE","SAFE","SHORT","MEDIUM","ATTACK_ME","NONE","WINNER","VOLLEY","SHORT_BALL_ATTACK","6","0.61","0.44","0.59","0.65","0.2","0","0","0","1","0.6859626770019531","1","Serve safe / percentage","Serve WIDE | Return SHORT | Rally ATTACK_ME | Finish WINNER","Punto al servizio, rally count 6, profilo MEDIUM, momento COLD, pressione NEUTRAL. Pattern prevalente: Serve safe / percentage. Probabilità stimata: 68.6%.","serve_plus_one_safe","J. Sinner","D. Medvedev","BNP Paribas Open","Clay","BO3","F","1","1","0","0","0","0","2026-04-17T14:59:08.330Z"
"sess_1776434270933_4751","3","1","115","1","2","T","SAFE","SHORT","MEDIUM","ATTACK_OPP","DROP_SHOT","UNFORCED_ERROR","BACKHAND","MEDIUM_RALLY","6","0.62","0.44","0.6","0.65","0.4","0","0","0","1","0.5437240600585938","3","Serve neutral / mixed","Serve T | Return SHORT | Rally ATTACK_OPP | Finish UNFORCED_ERROR","Punto al servizio, rally count 6, profilo MEDIUM, momento NEUTRAL, pressione NEUTRAL. Pattern prevalente: Serve neutral / mixed. Probabilità stimata: 54.4%.","serve_neutral_build","J. Sinner","D. Medvedev","BNP Paribas Open","Clay","BO3","F","1","1","0","0","15","0","2026-04-17T14:59:14.196Z"
"sess_1776434270933_4751","3","1","116","1","1","WIDE","SAFE","DEEP","MEDIUM","DEFENSE_ME","LINE_CHANGE","FORCED_ERROR","BACKHAND","MEDIUM_RALLY","6","0.63","0.44","0.6","0.67","0.6","0","0","0","1","0.679108202457428","3","Serve neutral / mixed","Serve WIDE | Return DEEP | Rally DEFENSE_ME | Finish FORCED_ERROR","Punto al servizio, rally count 6, profilo MEDIUM, momento NEUTRAL, pressione NEUTRAL. Pattern prevalente: Serve neutral / mixed. Probabilità stimata: 67.9%.","serve_neutral_build","J. Sinner","D. Medvedev","BNP Paribas Open","Clay","BO3","F","1","1","0","0","30","0","2026-04-17T14:59:20.136Z"
"sess_1776434270933_4751","3","1","117","1","1","WIDE","SAFE","","SHORT","ATTACK_ME","NONE","WINNER","BACKHAND","SERVE_DOMINANT","2","0.63","0.44","0.61","0.67","0.6","1","0","0","1","0.6987373232841492","3","Serve neutral / mixed","Serve WIDE | Rally ATTACK_ME | Finish WINNER","Punto al servizio, rally count 2, profilo SHORT, momento NEUTRAL, pressione GAME_POINT_FOR. Pattern prevalente: Serve neutral / mixed. Probabilità stimata: 69.9%.","serve_neutral_build","J. Sinner","D. Medvedev","BNP Paribas Open","Clay","BO3","F","1","1","0","0","40","0","2026-04-17T14:59:25.521Z"
"sess_1776434270933_4751","3","2","118","0","1","T","WEAK","DEEP","LONG","NEUTRAL","DROP_SHOT","WINNER","FOREHAND","LONG_RALLY","10","0.64","0.44","0.62","0.67","0.8","0","0","0","0","0.34600481390953064","7","Neutral return","Serve T | Return DEEP | Rally NEUTRAL | Finish WINNER","Punto in risposta, rally count 10, profilo LONG, momento HOT, pressione NEUTRAL. Pattern prevalente: Neutral return. Probabilità stimata: 34.6%.","neutral_return_build","J. Sinner","D. Medvedev","BNP Paribas Open","Clay","BO3","F","1","1","1","0","0","0","2026-04-17T15:25:59.196Z"
"sess_1776434270933_4751","3","2","119","0","1","BODY","SAFE","BLOCKED","LONG","DEFENSE_ME","NONE","UNFORCED_ERROR","BACKHAND","DEFENSE_RECOVERY","10","0.64","0.43","0.62","0.67","0.8","0","0","0","0","0.35303783416748047","7","Neutral return","Serve BODY | Return BLOCKED | Rally DEFENSE_ME | Finish UNFORCED_ERROR","Punto in risposta, rally count 10, profilo LONG, momento HOT, pressione NEUTRAL. Pattern prevalente: Neutral return. Probabilità stimata: 35.3%.","neutral_return_build","J. Sinner","D. Medvedev","BNP Paribas Open","Clay","BO3","F","1","1","1","0","0","15","2026-04-17T17:40:41.176Z"
"sess_1776434270933_4751","3","2","120","0","2","T","WEAK","AGGRESSIVE","LONG","ATTACK_ME","NONE","FORCED_ERROR","BACKHAND","DEFENSE_RECOVERY","10","0.64","0.43","0.62","0.67","0.6","0","0","0","1","0.5083911418914795","7","Neutral return","Serve T | Return AGGRESSIVE | Rally ATTACK_ME | Finish FORCED_ERROR","Punto in risposta, rally count 10, profilo LONG, momento NEUTRAL, pressione NEUTRAL. Pattern prevalente: Neutral return. Probabilità stimata: 50.8%.","neutral_return_build","J. Sinner","D. Medvedev","BNP Paribas Open","Clay","BO3","F","1","1","1","0","0","30","2026-04-17T17:42:11.757Z"
"sess_1776434270933_4751","3","2","121","0","2","WIDE","WEAK","SHORT","LONG","DEFENSE_OPP","LINE_CHANGE","WINNER","BACKHAND","DEFENSE_RECOVERY","10","0.64","0.44","0.62","0.67","0.6","0","0","0","1","0.503276526927948","7","Neutral return","Serve WIDE | Return SHORT | Rally DEFENSE_OPP | Finish WINNER","Punto in risposta, rally count 10, profilo LONG, momento NEUTRAL, pressione NEUTRAL. Pattern prevalente: Neutral return. Probabilità stimata: 50.3%.","neutral_return_build","J. Sinner","D. Medvedev","BNP Paribas Open","Clay","BO3","F","1","1","1","0","15","30","2026-04-17T17:42:17.327Z"
"sess_1776434270933_4751","3","2","122","0","2","T","SAFE","SHORT","LONG","ATTACK_ME","NONE","FORCED_ERROR","FOREHAND","LONG_RALLY","10","0.64","0.44","0.62","0.67","0.6","0","0","0","1","0.503276526927948","7","Neutral return","Serve T | Return SHORT | Rally ATTACK_ME | Finish FORCED_ERROR","Punto in risposta, rally count 10, profilo LONG, momento NEUTRAL, pressione NEUTRAL. Pattern prevalente: Neutral return. Probabilità stimata: 50.3%.","neutral_return_build","J. Sinner","D. Medvedev","BNP Paribas Open","Clay","BO3","F","1","1","1","0","30","30","2026-04-17T17:42:23.014Z"
"sess_1776434270933_4751","3","2","123","0","1","WIDE","SAFE","CENTRAL","SHORT","ATTACK_ME","NONE","WINNER","FOREHAND","SHORT_RALLY","2","0.64","0.45","0.62","0.67","0.6","0","1","1","0","0.3413158655166626","6","Safe return","Serve WIDE | Return CENTRAL | Rally ATTACK_ME | Finish WINNER","Punto in risposta, rally count 2, profilo SHORT, momento NEUTRAL, pressione GAME_POINT_AGAINST. Pattern prevalente: Safe return. Probabilità stimata: 34.1%.","return_safe","J. Sinner","D. Medvedev","BNP Paribas Open","Clay","BO3","F","1","1","1","0","40","30","2026-04-17T17:42:28.592Z"
"sess_1776434270933_4751","3","2","124","0","1","T","AGGRESSIVE","DEEP","SHORT","ATTACK_ME","NONE","FORCED_ERROR","BACKHAND","SHORT_RALLY","2","0.64","0.45","0.62","0.67","0.6","0","0","0","0","0.3377990424633026","7","Neutral return","Serve T | Return DEEP | Rally ATTACK_ME | Finish FORCED_ERROR","Punto in risposta, rally count 2, profilo SHORT, momento NEUTRAL, pressione NEUTRAL. Pattern prevalente: Neutral return. Probabilità stimata: 33.8%.","neutral_return_build","J. Sinner","D. Medvedev","BNP Paribas Open","Clay","BO3","F","1","1","1","0","40","40","2026-04-17T17:42:34.217Z"
"sess_1776434270933_4751","3","2","125","0","1","WIDE","SAFE","CENTRAL","MEDIUM","ATTACK_ME","INSIDE_IN","UNFORCED_ERROR","FOREHAND","MEDIUM_RALLY","6","0.64","0.44","0.62","0.67","0.6","1","0","0","0","0.39926233887672424","6","Safe return","Serve WIDE | Return CENTRAL | Rally ATTACK_ME | Finish UNFORCED_ERROR","Punto in risposta, rally count 6, profilo MEDIUM, momento NEUTRAL, pressione GAME_POINT_FOR. Pattern prevalente: Safe return. Probabilità stimata: 39.9%.","return_safe","J. Sinner","D. Medvedev","BNP Paribas Open","Clay","BO3","F","1","1","1","0","40","Ad","2026-04-17T17:42:40.108Z"
"sess_1776434270933_4751","3","3","126","1","2","WIDE","SAFE","SHORT","LONG","DEFENSE_ME","NONE","FORCED_ERROR","FOREHAND","DEFENSE_RECOVERY","10","0.64","0.43","0.62","0.67","0.4","0","0","0","0","0.5171194672584534","3","Serve neutral / mixed","Serve WIDE | Return SHORT | Rally DEFENSE_ME | Finish FORCED_ERROR","Punto al servizio, rally count 10, profilo LONG, momento NEUTRAL, pressione NEUTRAL. Pattern prevalente: Serve neutral / mixed. Probabilità stimata: 51.7%.","serve_neutral_build","J. Sinner","D. Medvedev","BNP Paribas Open","Clay","BO3","F","1","1","1","1","0","0","2026-04-17T17:42:46.307Z"
"sess_1776434270933_4751","3","3","127","1","1","T","WEAK","CENTRAL","SHORT","NEUTRAL","NONE","FORCED_ERROR","VOLLEY","SHORT_RALLY","2","0.63","0.43","0.62","0.64","0.2","0","0","0","1","0.679108202457428","1","Serve safe / percentage","Serve T | Return CENTRAL | Rally NEUTRAL | Finish FORCED_ERROR","Punto al servizio, rally count 2, profilo SHORT, momento COLD, pressione NEUTRAL. Pattern prevalente: Serve safe / percentage. Probabilità stimata: 67.9%.","serve_plus_one_safe","J. Sinner","D. Medvedev","BNP Paribas Open","Clay","BO3","F","1","1","1","1","0","15","2026-04-17T17:42:51.324Z"
"sess_1776434270933_4751","3","3","128","1","2","BODY","SAFE","","SHORT","NEUTRAL","NONE","FORCED_ERROR","SERVE","SERVE_DOMINANT","2","0.63","0.43","0.63","0.64","0.2","0","0","0","1","0.5401870012283325","1","Serve safe / percentage","Serve BODY | Rally NEUTRAL | Finish FORCED_ERROR","Punto al servizio, rally count 2, profilo SHORT, momento COLD, pressione NEUTRAL. Pattern prevalente: Serve safe / percentage. Probabilità stimata: 54.0%.","serve_plus_one_safe","J. Sinner","D. Medvedev","BNP Paribas Open","Clay","BO3","F","1","1","1","1","15","15","2026-04-17T17:42:56.752Z"
"sess_1776434270933_4751","3","3","129","1","1","T","AGGRESSIVE","DEEP","LONG","ATTACK_ME","LINE_CHANGE","FORCED_ERROR","BACKHAND","LONG_RALLY","10","0.64","0.43","0.63","0.65","0.4","0","0","0","0","0.6858283877372742","3","Serve neutral / mixed","Serve T | Return DEEP | Rally ATTACK_ME | Finish FORCED_ERROR","Punto al servizio, rally count 10, profilo LONG, momento NEUTRAL, pressione NEUTRAL. Pattern prevalente: Serve neutral / mixed. Probabilità stimata: 68.6%.","serve_neutral_build","J. Sinner","D. Medvedev","BNP Paribas Open","Clay","BO3","F","1","1","1","1","30","15","2026-04-17T17:43:02.506Z"
"sess_1776434270933_4751","3","3","130","1","1","WIDE","AGGRESSIVE","DEEP","MEDIUM","ATTACK_OPP","PASSING","FORCED_ERROR","PASSING","PASSING_LOB","6","0.63","0.43","0.62","0.65","0.4","0","0","0","1","0.679108202457428","3","Serve neutral / mixed","Serve WIDE | Return DEEP | Rally ATTACK_OPP | Finish FORCED_ERROR","Punto al servizio, rally count 6, profilo MEDIUM, momento NEUTRAL, pressione NEUTRAL. Pattern prevalente: Serve neutral / mixed. Probabilità stimata: 67.9%.","serve_neutral_build","J. Sinner","D. Medvedev","BNP Paribas Open","Clay","BO3","F","1","1","1","1","30","30","2026-04-17T17:43:08.313Z"
"sess_1776434270933_4751","3","3","131","1","1","WIDE","SAFE","CENTRAL","LONG","NEUTRAL","LOB","UNFORCED_ERROR","PASSING","LONG_RALLY","10","0.63","0.43","0.63","0.65","0.6","1","0","0","1","0.6944049000740051","3","Serve neutral / mixed","Serve WIDE | Return CENTRAL | Rally NEUTRAL | Finish UNFORCED_ERROR","Punto al servizio, rally count 10, profilo LONG, momento NEUTRAL, pressione GAME_POINT_FOR. Pattern prevalente: Serve neutral / mixed. Probabilità stimata: 69.4%.","serve_neutral_build","J. Sinner","D. Medvedev","BNP Paribas Open","Clay","BO3","F","1","1","1","1","40","30","2026-04-17T17:43:14.161Z"
"sess_1776434270933_4751","3","4","132","0","1","BODY","AGGRESSIVE","ANGLED","LONG","NEUTRAL","NONE","FORCED_ERROR","PASSING","DEFENSE_RECOVERY","10","0.64","0.43","0.63","0.65","0.8","0","0","0","0","0.35303783416748047","7","Neutral return","Serve BODY | Return ANGLED | Rally NEUTRAL | Finish FORCED_ERROR","Punto in risposta, rally count 10, profilo LONG, momento HOT, pressione NEUTRAL. Pattern prevalente: Neutral return. Probabilità stimata: 35.3%.","neutral_return_build","J. Sinner","D. Medvedev","BNP Paribas Open","Clay","BO3","F","1","1","2","1","0","0","2026-04-17T17:43:20.100Z"
"sess_1776434270933_4751","3","4","133","0","2","WIDE","SAFE","CENTRAL","LONG","ATTACK_OPP","INSIDE_OUT","FORCED_ERROR","BACKHAND","LONG_RALLY","10","0.64","0.43","0.63","0.65","0.6","0","0","0","0","0.5174248218536377","7","Neutral return","Serve WIDE | Return CENTRAL | Rally ATTACK_OPP | Finish FORCED_ERROR","Punto in risposta, rally count 10, profilo LONG, momento NEUTRAL, pressione NEUTRAL. Pattern prevalente: Neutral return. Probabilità stimata: 51.7%.","neutral_return_build","J. Sinner","D. Medvedev","BNP Paribas Open","Clay","BO3","F","1","1","2","1","0","15","2026-04-17T17:43:25.834Z"
"sess_1776434270933_4751","3","4","134","0","1","BODY","SAFE","DEEP","SHORT","DEFENSE_OPP","NONE","UNFORCED_ERROR","FOREHAND","SHORT_RALLY","2","0.64","0.42","0.63","0.65","0.4","0","0","0","1","0.34139591455459595","7","Neutral return","Serve BODY | Return DEEP | Rally DEFENSE_OPP | Finish UNFORCED_ERROR","Punto in risposta, rally count 2, profilo SHORT, momento NEUTRAL, pressione NEUTRAL. Pattern prevalente: Neutral return. Probabilità stimata: 34.1%.","neutral_return_build","J. Sinner","D. Medvedev","BNP Paribas Open","Clay","BO3","F","1","1","2","1","0","30","2026-04-17T17:43:31.467Z"
"sess_1776434270933_4751","3","4","135","0","1","T","WEAK","BLOCKED","LONG","DEFENSE_ME","LINE_CHANGE","UNFORCED_ERROR","BACKHAND","LONG_RALLY","10","0.64","0.43","0.63","0.65","0.6","0","0","0","0","0.35303783416748047","7","Neutral return","Serve T | Return BLOCKED | Rally DEFENSE_ME | Finish UNFORCED_ERROR","Punto in risposta, rally count 10, profilo LONG, momento NEUTRAL, pressione NEUTRAL. Pattern prevalente: Neutral return. Probabilità stimata: 35.3%.","neutral_return_build","J. Sinner","D. Medvedev","BNP Paribas Open","Clay","BO3","F","1","1","2","1","15","30","2026-04-17T17:43:37.406Z"
"sess_1776434270933_4751","3","4","136","0","1","BODY","AGGRESSIVE","DEEP","MEDIUM","DEFENSE_OPP","NONE","FORCED_ERROR","BACKHAND","MEDIUM_RALLY","6","0.64","0.42","0.63","0.65","0.4","1","0","0","1","0.39926233887672424","6","Safe return","Serve BODY | Return DEEP | Rally DEFENSE_OPP | Finish FORCED_ERROR","Punto in risposta, rally count 6, profilo MEDIUM, momento NEUTRAL, pressione GAME_POINT_FOR. Pattern prevalente: Safe return. Probabilità stimata: 39.9%.","return_safe","J. Sinner","D. Medvedev","BNP Paribas Open","Clay","BO3","F","1","1","2","1","15","40","2026-04-17T17:43:43.140Z"
"sess_1776434270933_4751","3","4","137","0","1","WIDE","AGGRESSIVE","DEEP","MEDIUM","NEUTRAL","NONE","FORCED_ERROR","FOREHAND","SHORT_BALL_ATTACK","6","0.64","0.43","0.63","0.65","0.4","1","0","0","1","0.39926233887672424","6","Safe return","Serve WIDE | Return DEEP | Rally NEUTRAL | Finish FORCED_ERROR","Punto in risposta, rally count 6, profilo MEDIUM, momento NEUTRAL, pressione GAME_POINT_FOR. Pattern prevalente: Safe return. Probabilità stimata: 39.9%.","return_safe","J. Sinner","D. Medvedev","BNP Paribas Open","Clay","BO3","F","1","1","2","1","30","40","2026-04-17T17:43:48.570Z"
"sess_1776434270933_4751","3","4","138","0","1","BODY","SAFE","SHORT","LONG","DEFENSE_OPP","INSIDE_OUT","UNFORCED_ERROR","BACKHAND","LONG_RALLY","10","0.64","0.44","0.63","0.65","0.6","0","0","0","1","0.34139591455459595","7","Neutral return","Serve BODY | Return SHORT | Rally DEFENSE_OPP | Finish UNFORCED_ERROR","Punto in risposta, rally count 10, profilo LONG, momento NEUTRAL, pressione NEUTRAL. Pattern prevalente: Neutral return. Probabilità stimata: 34.1%.","neutral_return_build","J. Sinner","D. Medvedev","BNP Paribas Open","Clay","BO3","F","1","1","2","1","40","40","2026-04-17T17:43:54.404Z"
"sess_1776434270933_4751","3","4","139","0","1","BODY","SAFE","DEEP","LONG","DEFENSE_OPP","LOB","FORCED_ERROR","OTHER","DEFENSE_RECOVERY","10","0.64","0.45","0.63","0.65","0.8","0","1","1","0","0.3572641611099243","6","Safe return","Serve BODY | Return DEEP | Rally DEFENSE_OPP | Finish FORCED_ERROR","Punto in risposta, rally count 10, profilo LONG, momento HOT, pressione GAME_POINT_AGAINST. Pattern prevalente: Safe return. Probabilità stimata: 35.7%.","return_safe","J. Sinner","D. Medvedev","BNP Paribas Open","Clay","BO3","F","1","1","2","1","Ad","40","2026-04-17T17:44:00.241Z"
"sess_1776434270933_4751","3","4","140","0","2","WIDE","SAFE","CENTRAL","MEDIUM","ATTACK_ME","INSIDE_OUT","FORCED_ERROR","VOLLEY","MEDIUM_RALLY","6","0.64","0.44","0.63","0.65","0.6","0","0","0","0","0.5174248218536377","7","Neutral return","Serve WIDE | Return CENTRAL | Rally ATTACK_ME | Finish FORCED_ERROR","Punto in risposta, rally count 6, profilo MEDIUM, momento NEUTRAL, pressione NEUTRAL. Pattern prevalente: Neutral return. Probabilità stimata: 51.7%.","neutral_return_build","J. Sinner","D. Medvedev","BNP Paribas Open","Clay","BO3","F","1","1","2","1","40","40","2026-04-17T17:44:06.078Z"
"sess_1776434270933_4751","3","4","141","0","1","BODY","SAFE","CENTRAL","SHORT","ATTACK_OPP","NET_APPROACH","FORCED_ERROR","BACKHAND","SHORT_RALLY","2","0.64","0.43","0.63","0.65","0.6","1","0","0","0","0.3989035189151764","6","Safe return","Serve BODY | Return CENTRAL | Rally ATTACK_OPP | Finish FORCED_ERROR","Punto in risposta, rally count 2, profilo SHORT, momento NEUTRAL, pressione GAME_POINT_FOR. Pattern prevalente: Safe return. Probabilità stimata: 39.9%.","return_safe","J. Sinner","D. Medvedev","BNP Paribas Open","Clay","BO3","F","1","1","2","1","40","Ad","2026-04-17T17:44:11.917Z"
"sess_1776434270933_4751","3","5","142","1","1","WIDE","SAFE","DEEP","LONG","DEFENSE_ME","LOB","UNFORCED_ERROR","BACKHAND","DEFENSE_RECOVERY","10","0.64","0.43","0.63","0.65","0.4","0","0","0","1","0.6858283877372742","3","Serve neutral / mixed","Serve WIDE | Return DEEP | Rally DEFENSE_ME | Finish UNFORCED_ERROR","Punto al servizio, rally count 10, profilo LONG, momento NEUTRAL, pressione NEUTRAL. Pattern prevalente: Serve neutral / mixed. Probabilità stimata: 68.6%.","serve_neutral_build","J. Sinner","D. Medvedev","BNP Paribas Open","Clay","BO3","F","1","1","2","2","0","0","2026-04-17T17:44:17.752Z"
"sess_1776434270933_4751","3","5","143","1","2","WIDE","SAFE","","SHORT","NEUTRAL","NONE","FORCED_ERROR","SERVE","SERVE_DOMINANT","2","0.65","0.43","0.64","0.65","0.4","0","0","0","1","0.5401870012283325","3","Serve neutral / mixed","Serve WIDE | Rally NEUTRAL | Finish FORCED_ERROR","Punto al servizio, rally count 2, profilo SHORT, momento NEUTRAL, pressione NEUTRAL. Pattern prevalente: Serve neutral / mixed. Probabilità stimata: 54.0%.","serve_neutral_build","J. Sinner","D. Medvedev","BNP Paribas Open","Clay","BO3","F","1","1","2","2","15","0","2026-04-17T17:44:23.179Z"
"sess_1776434270933_4751","3","5","144","1","1","WIDE","SAFE","DEEP","MEDIUM","DEFENSE_OPP","INSIDE_OUT","FORCED_ERROR","FOREHAND","MEDIUM_RALLY","6","0.65","0.43","0.64","0.67","0.4","0","0","0","0","0.6885704398155212","3","Serve neutral / mixed","Serve WIDE | Return DEEP | Rally DEFENSE_OPP | Finish FORCED_ERROR","Punto al servizio, rally count 6, profilo MEDIUM, momento NEUTRAL, pressione NEUTRAL. Pattern prevalente: Serve neutral / mixed. Probabilità stimata: 68.9%.","serve_neutral_build","J. Sinner","D. Medvedev","BNP Paribas Open","Clay","BO3","F","1","1","2","2","30","0","2026-04-17T17:44:29.016Z"
"sess_1776434270933_4751","3","5","145","1","1","WIDE","WEAK","BLOCKED","MEDIUM","DEFENSE_ME","INSIDE_OUT","UNFORCED_ERROR","PASSING","MEDIUM_RALLY","6","0.64","0.43","0.63","0.67","0.4","0","0","0","0","0.6885704398155212","3","Serve neutral / mixed","Serve WIDE | Return BLOCKED | Rally DEFENSE_ME | Finish UNFORCED_ERROR","Punto al servizio, rally count 6, profilo MEDIUM, momento NEUTRAL, pressione NEUTRAL. Pattern prevalente: Serve neutral / mixed. Probabilità stimata: 68.9%.","serve_neutral_build","J. Sinner","D. Medvedev","BNP Paribas Open","Clay","BO3","F","1","1","2","2","30","15","2026-04-17T17:44:34.853Z"
"sess_1776434270933_4751","3","5","146","1","1","T","AGGRESSIVE","DEEP","SHORT","NEUTRAL","NONE","UNFORCED_ERROR","FOREHAND","SHORT_RALLY","2","0.63","0.43","0.61","0.67","0.4","0","0","0","0","0.6858283877372742","3","Serve neutral / mixed","Serve T | Return DEEP | Rally NEUTRAL | Finish UNFORCED_ERROR","Punto al servizio, rally count 2, profilo SHORT, momento NEUTRAL, pressione NEUTRAL. Pattern prevalente: Serve neutral / mixed. Probabilità stimata: 68.6%.","serve_neutral_build","J. Sinner","D. Medvedev","BNP Paribas Open","Clay","BO3","F","1","1","2","2","30","30","2026-04-17T17:44:40.588Z"
"sess_1776434270933_4751","3","5","147","1","1","T","AGGRESSIVE","DEEP","SHORT","NEUTRAL","NONE","FORCED_ERROR","FOREHAND","SHORT_RALLY","2","0.62","0.43","0.6","0.67","0.4","0","1","1","0","0.679108202457428","1","Serve safe / percentage","Serve T | Return DEEP | Rally NEUTRAL | Finish FORCED_ERROR","Punto al servizio, rally count 2, profilo SHORT, momento NEUTRAL, pressione GAME_POINT_AGAINST. Pattern prevalente: Serve safe / percentage. Probabilità stimata: 67.9%.","serve_plus_one_safe","J. Sinner","D. Medvedev","BNP Paribas Open","Clay","BO3","F","1","1","2","2","30","40","2026-04-17T17:44:46.117Z"
"sess_1776434270933_4751","3","6","148","0","1","T","SAFE","CENTRAL","SHORT","ATTACK_ME","LINE_CHANGE","UNFORCED_ERROR","FOREHAND","AGGRESSIVE_RETURN","2","0.61","0.43","0.59","0.67","0.2","0","0","0","1","0.3326714038848877","6","Safe return","Serve T | Return CENTRAL | Rally ATTACK_ME | Finish UNFORCED_ERROR","Punto in risposta, rally count 2, profilo SHORT, momento COLD, pressione NEUTRAL. Pattern prevalente: Safe return. Probabilità stimata: 33.3%.","return_safe","J. Sinner","D. Medvedev","BNP Paribas Open","Clay","BO3","F","1","1","2","3","0","0","2026-04-17T17:44:51.718Z"
"sess_1776434270933_4751","3","6","149","0","2","T","WEAK","DEEP","SHORT","ATTACK_OPP","NONE","UNFORCED_ERROR","VOLLEY","SHORT_RALLY","2","0.61","0.44","0.59","0.67","0.2","0","0","0","0","0.5174248218536377","6","Safe return","Serve T | Return DEEP | Rally ATTACK_OPP | Finish UNFORCED_ERROR","Punto in risposta, rally count 2, profilo SHORT, momento COLD, pressione NEUTRAL. Pattern prevalente: Safe return. Probabilità stimata: 51.7%.","return_safe","J. Sinner","D. Medvedev","BNP Paribas Open","Clay","BO3","F","1","1","2","3","15","0","2026-04-17T17:44:57.588Z"
"sess_1776434270933_4751","3","6","150","0","1","BODY","WEAK","DEEP","LONG","ATTACK_ME","LINE_CHANGE","FORCED_ERROR","FOREHAND","LONG_RALLY","10","0.61","0.43","0.59","0.67","0.2","0","0","0","1","0.34139591455459595","6","Safe return","Serve BODY | Return DEEP | Rally ATTACK_ME | Finish FORCED_ERROR","Punto in risposta, rally count 10, profilo LONG, momento COLD, pressione NEUTRAL. Pattern prevalente: Safe return. Probabilità stimata: 34.1%.","return_safe","J. Sinner","D. Medvedev","BNP Paribas Open","Clay","BO3","F","1","1","2","3","15","15","2026-04-17T17:45:03.323Z"
"sess_1776434270933_4751","3","6","151","0","2","WIDE","SAFE","CENTRAL","SHORT","NEUTRAL","DROP_SHOT","UNFORCED_ERROR","FOREHAND","SHORT_RALLY","2","0.61","0.44","0.59","0.67","0.4","0","0","0","0","0.5234072208404541","7","Neutral return","Serve WIDE | Return CENTRAL | Rally NEUTRAL | Finish UNFORCED_ERROR","Punto in risposta, rally count 2, profilo SHORT, momento NEUTRAL, pressione NEUTRAL. Pattern prevalente: Neutral return. Probabilità stimata: 52.3%.","neutral_return_build","J. Sinner","D. Medvedev","BNP Paribas Open","Clay","BO3","F","1","1","2","3","30","15","2026-04-17T17:45:09.158Z"
"sess_1776434270933_4751","3","6","152","0","2","BODY","SAFE","DEEP","SHORT","ATTACK_OPP","DROP_SHOT","UNFORCED_ERROR","FOREHAND","SHORT_RALLY","2","0.61","0.43","0.59","0.67","0.4","0","0","0","0","0.533990740776062","7","Neutral return","Serve BODY | Return DEEP | Rally ATTACK_OPP | Finish UNFORCED_ERROR","Punto in risposta, rally count 2, profilo SHORT, momento NEUTRAL, pressione NEUTRAL. Pattern prevalente: Neutral return. Probabilità stimata: 53.4%.","neutral_return_build","J. Sinner","D. Medvedev","BNP Paribas Open","Clay","BO3","F","1","1","2","3","30","30","2026-04-17T17:45:14.995Z"
"sess_1776434270933_4751","3","6","153","0","1","T","AGGRESSIVE","SHORT","SHORT","NEUTRAL","DROP_SHOT","WINNER","FOREHAND","SHORT_RALLY","2","0.61","0.43","0.59","0.67","0.4","1","0","0","0","0.39926233887672424","6","Safe return","Serve T | Return SHORT | Rally NEUTRAL | Finish WINNER","Punto in risposta, rally count 2, profilo SHORT, momento NEUTRAL, pressione GAME_POINT_FOR. Pattern prevalente: Safe return. Probabilità stimata: 39.9%.","return_safe","J. Sinner","D. Medvedev","BNP Paribas Open","Clay","BO3","F","1","1","2","3","30","40","2026-04-17T17:45:20.832Z"
"sess_1776434270933_4751","3","7","154","1","1","BODY","SAFE","AGGRESSIVE","SHORT","NEUTRAL","NONE","FORCED_ERROR","BACKHAND","SHORT_RALLY","2","0.61","0.42","0.59","0.67","0.2","0","0","0","1","0.6858283877372742","1","Serve safe / percentage","Serve BODY | Return AGGRESSIVE | Rally NEUTRAL | Finish FORCED_ERROR","Punto al servizio, rally count 2, profilo SHORT, momento COLD, pressione NEUTRAL. Pattern prevalente: Serve safe / percentage. Probabilità stimata: 68.6%.","serve_plus_one_safe","J. Sinner","D. Medvedev","BNP Paribas Open","Clay","BO3","F","1","1","2","4","0","0","2026-04-17T17:45:26.566Z"
"sess_1776434270933_4751","3","7","155","1","2","T","SAFE","ANGLED","MEDIUM","DEFENSE_ME","NONE","UNFORCED_ERROR","FOREHAND","MEDIUM_RALLY","6","0.62","0.42","0.6","0.67","0.4","0","0","0","1","0.499403715133667","3","Serve neutral / mixed","Serve T | Return ANGLED | Rally DEFENSE_ME | Finish UNFORCED_ERROR","Punto al servizio, rally count 6, profilo MEDIUM, momento NEUTRAL, pressione NEUTRAL. Pattern prevalente: Serve neutral / mixed. Probabilità stimata: 49.9%.","serve_neutral_build","J. Sinner","D. Medvedev","BNP Paribas Open","Clay","BO3","F","1","1","2","4","15","0","2026-04-17T17:45:31.995Z"
"sess_1776434270933_4751","3","7","156","1","2","BODY","WEAK","SHORT","MEDIUM","NEUTRAL","NONE","UNFORCED_ERROR","PASSING","MEDIUM_RALLY","6","0.63","0.42","0.6","0.68","0.4","0","0","0","0","0.503276526927948","3","Serve neutral / mixed","Serve BODY | Return SHORT | Rally NEUTRAL | Finish UNFORCED_ERROR","Punto al servizio, rally count 6, profilo MEDIUM, momento NEUTRAL, pressione NEUTRAL. Pattern prevalente: Serve neutral / mixed. Probabilità stimata: 50.3%.","serve_neutral_build","J. Sinner","D. Medvedev","BNP Paribas Open","Clay","BO3","F","1","1","2","4","30","0","2026-04-17T17:45:37.711Z"
"sess_1776434270933_4751","3","7","157","1","2","BODY","SAFE","","SHORT","NEUTRAL","NONE","WINNER","FOREHAND","SERVE_DOMINANT","2","0.62","0.42","0.6","0.65","0.4","0","0","0","1","0.5083911418914795","3","Serve neutral / mixed","Serve BODY | Rally NEUTRAL | Finish WINNER","Punto al servizio, rally count 2, profilo SHORT, momento NEUTRAL, pressione NEUTRAL. Pattern prevalente: Serve neutral / mixed. Probabilità stimata: 50.8%.","serve_neutral_build","J. Sinner","D. Medvedev","BNP Paribas Open","Clay","BO3","F","1","1","2","4","30","15","2026-04-17T17:45:43.155Z"
"sess_1776434270933_4751","3","7","158","1","2","T","WEAK","","SHORT","NEUTRAL","NONE","UNFORCED_ERROR","SERVE","SERVE_DOMINANT","2","0.62","0.42","0.6","0.67","0.6","1","0","0","1","0.5066666603088379","3","Serve neutral / mixed","Serve T | Rally NEUTRAL | Finish UNFORCED_ERROR","Punto al servizio, rally count 2, profilo SHORT, momento NEUTRAL, pressione GAME_POINT_FOR. Pattern prevalente: Serve neutral / mixed. Probabilità stimata: 50.7%.","serve_neutral_build","J. Sinner","D. Medvedev","BNP Paribas Open","Clay","BO3","F","1","1","2","4","40","15","2026-04-17T17:45:48.605Z"
"sess_1776434270933_4751","3","8","159","0","1","T","AGGRESSIVE","DEEP","MEDIUM","ATTACK_ME","PASSING","FORCED_ERROR","PASSING","PASSING_LOB","6","0.63","0.42","0.6","0.68","0.8","0","0","0","0","0.35303783416748047","7","Neutral return","Serve T | Return DEEP | Rally ATTACK_ME | Finish FORCED_ERROR","Punto in risposta, rally count 6, profilo MEDIUM, momento HOT, pressione NEUTRAL. Pattern prevalente: Neutral return. Probabilità stimata: 35.3%.","neutral_return_build","J. Sinner","D. Medvedev","BNP Paribas Open","Clay","BO3","F","1","1","3","4","0","0","2026-04-17T17:45:54.317Z"
"sess_1776434270933_4751","3","8","160","0","2","T","SAFE","DEEP","MEDIUM","NEUTRAL","INSIDE_IN","FORCED_ERROR","FOREHAND","MEDIUM_RALLY","6","0.63","0.42","0.6","0.68","0.6","0","0","0","0","0.5401870012283325","7","Neutral return","Serve T | Return DEEP | Rally NEUTRAL | Finish FORCED_ERROR","Punto in risposta, rally count 6, profilo MEDIUM, momento NEUTRAL, pressione NEUTRAL. Pattern prevalente: Neutral return. Probabilità stimata: 54.0%.","neutral_return_build","J. Sinner","D. Medvedev","BNP Paribas Open","Clay","BO3","F","1","1","3","4","0","15","2026-04-17T17:46:00.256Z"
"sess_1776434270933_4751","3","8","161","0","1","BODY","AGGRESSIVE","DEEP","MEDIUM","ATTACK_ME","LOB","UNFORCED_ERROR","BACKHAND","PASSING_LOB","6","0.63","0.41","0.6","0.68","0.4","0","0","0","0","0.3326714038848877","6","Safe return","Serve BODY | Return DEEP | Rally ATTACK_ME | Finish UNFORCED_ERROR","Punto in risposta, rally count 6, profilo MEDIUM, momento NEUTRAL, pressione NEUTRAL. Pattern prevalente: Safe return. Probabilità stimata: 33.3%.","return_safe","J. Sinner","D. Medvedev","BNP Paribas Open","Clay","BO3","F","1","1","3","4","0","30","2026-04-17T17:46:06.093Z"
"sess_1776434270933_4751","3","8","162","0","2","WIDE","SAFE","CENTRAL","LONG","NEUTRAL","INSIDE_IN","UNFORCED_ERROR","VOLLEY","LONG_RALLY","10","0.63","0.41","0.6","0.68","0.4","1","0","0","0","0.544951856136322","7","Neutral return","Serve WIDE | Return CENTRAL | Rally NEUTRAL | Finish UNFORCED_ERROR","Punto in risposta, rally count 10, profilo LONG, momento NEUTRAL, pressione GAME_POINT_FOR. Pattern prevalente: Neutral return. Probabilità stimata: 54.5%.","neutral_return_build","J. Sinner","D. Medvedev","BNP Paribas Open","Clay","BO3","F","1","1","3","4","0","40","2026-04-17T17:46:11.827Z"
"sess_1776434270933_4751","3","9","163","1","1","T","AGGRESSIVE","BLOCKED","LONG","DEFENSE_ME","DROP_SHOT","FORCED_ERROR","FOREHAND","LONG_RALLY","10","0.63","0.4","0.6","0.68","0.2","0","0","0","1","0.679108202457428","1","Serve safe / percentage","Serve T | Return BLOCKED | Rally DEFENSE_ME | Finish FORCED_ERROR","Punto al servizio, rally count 10, profilo LONG, momento COLD, pressione NEUTRAL. Pattern prevalente: Serve safe / percentage. Probabilità stimata: 67.9%.","serve_plus_one_safe","J. Sinner","D. Medvedev","BNP Paribas Open","Clay","BO3","F","1","1","3","5","0","0","2026-04-17T17:46:17.562Z"
"sess_1776434270933_4751","3","9","164","1","2","WIDE","SAFE","DEEP","LONG","ATTACK_ME","INSIDE_OUT","FORCED_ERROR","FOREHAND","LONG_RALLY","10","0.63","0.4","0.6","0.68","0.2","0","0","0","1","0.5066666603088379","1","Serve safe / percentage","Serve WIDE | Return DEEP | Rally ATTACK_ME | Finish FORCED_ERROR","Punto al servizio, rally count 10, profilo LONG, momento COLD, pressione NEUTRAL. Pattern prevalente: Serve safe / percentage. Probabilità stimata: 50.7%.","serve_plus_one_safe","J. Sinner","D. Medvedev","BNP Paribas Open","Clay","BO3","F","1","1","3","5","15","0","2026-04-17T17:46:23.501Z"
"sess_1776434270933_4751","3","9","165","1","1","BODY","AGGRESSIVE","DEEP","LONG","DEFENSE_ME","NONE","WINNER","OTHER","LONG_RALLY","10","0.64","0.4","0.6","0.69","0.4","0","0","0","1","0.6858283877372742","3","Serve neutral / mixed","Serve BODY | Return DEEP | Rally DEFENSE_ME | Finish WINNER","Punto al servizio, rally count 10, profilo LONG, momento NEUTRAL, pressione NEUTRAL. Pattern prevalente: Serve neutral / mixed. Probabilità stimata: 68.6%.","serve_neutral_build","J. Sinner","D. Medvedev","BNP Paribas Open","Clay","BO3","F","1","1","3","5","30","0","2026-04-17T17:46:29.133Z"
"sess_1776434270933_4751","3","9","166","1","1","BODY","AGGRESSIVE","DEEP","LONG","NEUTRAL","LOB","FORCED_ERROR","OTHER","LONG_RALLY","10","0.64","0.4","0.61","0.69","0.6","1","0","0","0","0.6987373232841492","3","Serve neutral / mixed","Serve BODY | Return DEEP | Rally NEUTRAL | Finish FORCED_ERROR","Punto al servizio, rally count 10, profilo LONG, momento NEUTRAL, pressione GAME_POINT_FOR. Pattern prevalente: Serve neutral / mixed. Probabilità stimata: 69.9%.","serve_neutral_build","J. Sinner","D. Medvedev","BNP Paribas Open","Clay","BO3","F","1","1","3","5","40","0","2026-04-17T17:46:35.484Z"
"sess_1776434270933_4751","3","9","167","1","1","T","SAFE","AGGRESSIVE","MEDIUM","NEUTRAL","LINE_CHANGE","FORCED_ERROR","BACKHAND","MEDIUM_RALLY","6","0.63","0.4","0.6","0.69","0.6","1","0","0","1","0.6987373232841492","3","Serve neutral / mixed","Serve T | Return AGGRESSIVE | Rally NEUTRAL | Finish FORCED_ERROR","Punto al servizio, rally count 6, profilo MEDIUM, momento NEUTRAL, pressione GAME_POINT_FOR. Pattern prevalente: Serve neutral / mixed. Probabilità stimata: 69.9%.","serve_neutral_build","J. Sinner","D. Medvedev","BNP Paribas Open","Clay","BO3","F","1","1","3","5","40","15","2026-04-17T17:46:40.807Z"
"sess_1776434270933_4751","3","10","168","0","1","BODY","AGGRESSIVE","DEEP","LONG","NEUTRAL","NONE","WINNER","FOREHAND","LONG_RALLY","10","0.64","0.4","0.61","0.69","0.8","0","0","0","0","0.34139591455459595","7","Neutral return","Serve BODY | Return DEEP | Rally NEUTRAL | Finish WINNER","Punto in risposta, rally count 10, profilo LONG, momento HOT, pressione NEUTRAL. Pattern prevalente: Neutral return. Probabilità stimata: 34.1%.","neutral_return_build","J. Sinner","D. Medvedev","BNP Paribas Open","Clay","BO3","F","1","1","4","5","0","0","2026-04-17T17:46:46.439Z"
"sess_1776434270933_4751","3","10","169","0","1","T","WEAK","CENTRAL","SHORT","NEUTRAL","NONE","FORCED_ERROR","OTHER","SHORT_RALLY","2","0.64","0.4","0.61","0.69","0.6","0","0","0","1","0.33075541257858276","7","Neutral return","Serve T | Return CENTRAL | Rally NEUTRAL | Finish FORCED_ERROR","Punto in risposta, rally count 2, profilo SHORT, momento NEUTRAL, pressione NEUTRAL. Pattern prevalente: Neutral return. Probabilità stimata: 33.1%.","neutral_return_build","J. Sinner","D. Medvedev","BNP Paribas Open","Clay","BO3","F","1","1","4","5","0","15","2026-04-17T17:46:52.007Z"
"sess_1776434270933_4751","3","10","170","0","1","WIDE","AGGRESSIVE","SHORT","LONG","DEFENSE_OPP","LOB","UNFORCED_ERROR","VOLLEY","DEFENSE_RECOVERY","10","0.64","0.4","0.61","0.69","0.6","0","0","0","0","0.3413158655166626","7","Neutral return","Serve WIDE | Return SHORT | Rally DEFENSE_OPP | Finish UNFORCED_ERROR","Punto in risposta, rally count 10, profilo LONG, momento NEUTRAL, pressione NEUTRAL. Pattern prevalente: Neutral return. Probabilità stimata: 34.1%.","neutral_return_build","J. Sinner","D. Medvedev","BNP Paribas Open","Clay","BO3","F","1","1","4","5","15","15","2026-04-17T17:46:58.013Z"
"sess_1776434270933_4751","3","10","171","0","1","WIDE","AGGRESSIVE","ANGLED","LONG","NEUTRAL","LINE_CHANGE","FORCED_ERROR","BACKHAND","DEFENSE_RECOVERY","10","0.64","0.4","0.61","0.69","0.4","0","0","0","0","0.34139591455459595","6","Safe return","Serve WIDE | Return ANGLED | Rally NEUTRAL | Finish FORCED_ERROR","Punto in risposta, rally count 10, profilo LONG, momento NEUTRAL, pressione NEUTRAL. Pattern prevalente: Safe return. Probabilità stimata: 34.1%.","return_safe","J. Sinner","D. Medvedev","BNP Paribas Open","Clay","BO3","F","1","1","4","5","15","30","2026-04-17T17:47:03.848Z"
"sess_1776434270933_4751","3","10","172","0","1","WIDE","SAFE","ANGLED","LONG","DEFENSE_OPP","NONE","UNFORCED_ERROR","OTHER","DEFENSE_RECOVERY","10","0.64","0.4","0.61","0.69","0.4","1","0","0","1","0.37581005692481995","6","Safe return","Serve WIDE | Return ANGLED | Rally DEFENSE_OPP | Finish UNFORCED_ERROR","Punto in risposta, rally count 10, profilo LONG, momento NEUTRAL, pressione GAME_POINT_FOR. Pattern prevalente: Safe return. Probabilità stimata: 37.6%.","return_safe","J. Sinner","D. Medvedev","BNP Paribas Open","Clay","BO3","F","1","1","4","5","15","40","2026-04-17T17:47:09.277Z"
"sess_1776434270933_4751","3","10","173","0","1","T","AGGRESSIVE","SHORT","MEDIUM","DEFENSE_OPP","PASSING","FORCED_ERROR","PASSING","PASSING_LOB","6","0.64","0.4","0.61","0.69","0.4","1","0","0","1","0.3824041783809662","6","Safe return","Serve T | Return SHORT | Rally DEFENSE_OPP | Finish FORCED_ERROR","Punto in risposta, rally count 6, profilo MEDIUM, momento NEUTRAL, pressione GAME_POINT_FOR. Pattern prevalente: Safe return. Probabilità stimata: 38.2%.","return_safe","J. Sinner","D. Medvedev","BNP Paribas Open","Clay","BO3","F","1","1","4","5","30","40","2026-04-17T17:47:15.214Z"
"sess_1776434270933_4751","3","10","174","0","1","BODY","SAFE","DEEP","MEDIUM","DEFENSE_OPP","LINE_CHANGE","UNFORCED_ERROR","BACKHAND","MEDIUM_RALLY","6","0.64","0.41","0.61","0.69","0.6","0","0","0","1","0.34139591455459595","7","Neutral return","Serve BODY | Return DEEP | Rally DEFENSE_OPP | Finish UNFORCED_ERROR","Punto in risposta, rally count 6, profilo MEDIUM, momento NEUTRAL, pressione NEUTRAL. Pattern prevalente: Neutral return. Probabilità stimata: 34.1%.","neutral_return_build","J. Sinner","D. Medvedev","BNP Paribas Open","Clay","BO3","F","1","1","4","5","40","40","2026-04-17T17:47:21.051Z"
"sess_1776434270933_4751","3","10","175","0","1","WIDE","AGGRESSIVE","DEEP","MEDIUM","ATTACK_ME","DROP_SHOT","WINNER","FOREHAND","MEDIUM_RALLY","6","0.64","0.41","0.61","0.69","0.6","0","1","1","0","0.34139591455459595","6","Safe return","Serve WIDE | Return DEEP | Rally ATTACK_ME | Finish WINNER","Punto in risposta, rally count 6, profilo MEDIUM, momento NEUTRAL, pressione GAME_POINT_AGAINST. Pattern prevalente: Safe return. Probabilità stimata: 34.1%.","return_safe","J. Sinner","D. Medvedev","BNP Paribas Open","Clay","BO3","F","1","1","4","5","Ad","40","2026-04-17T17:47:27.093Z"
"sess_1776434270933_4751","3","10","176","0","2","BODY","WEAK","ANGLED","SHORT","ATTACK_ME","NONE","WINNER","BACKHAND","AGGRESSIVE_RETURN","2","0.64","0.41","0.61","0.69","0.6","0","0","0","1","0.5289646983146667","7","Neutral return","Serve BODY | Return ANGLED | Rally ATTACK_ME | Finish WINNER","Punto in risposta, rally count 2, profilo SHORT, momento NEUTRAL, pressione NEUTRAL. Pattern prevalente: Neutral return. Probabilità stimata: 52.9%.","neutral_return_build","J. Sinner","D. Medvedev","BNP Paribas Open","Clay","BO3","F","1","1","4","5","40","40","2026-04-17T17:47:32.418Z"
"sess_1776434270933_4751","3","10","177","0","1","WIDE","SAFE","SHORT","MEDIUM","ATTACK_OPP","LINE_CHANGE","FORCED_ERROR","FOREHAND","PASSING_LOB","6","0.64","0.42","0.61","0.69","0.8","0","1","1","0","0.3572641611099243","6","Safe return","Serve WIDE | Return SHORT | Rally ATTACK_OPP | Finish FORCED_ERROR","Punto in risposta, rally count 6, profilo MEDIUM, momento HOT, pressione GAME_POINT_AGAINST. Pattern prevalente: Safe return. Probabilità stimata: 35.7%.","return_safe","J. Sinner","D. Medvedev","BNP Paribas Open","Clay","BO3","F","1","1","4","5","Ad","40","2026-04-17T17:47:38.459Z"
"sess_1776434270933_4751","3","10","178","0","1","WIDE","AGGRESSIVE","DEEP","MEDIUM","NEUTRAL","DROP_SHOT","WINNER","BACKHAND","MEDIUM_RALLY","6","0.64","0.41","0.61","0.69","0.6","0","0","0","0","0.34139591455459595","7","Neutral return","Serve WIDE | Return DEEP | Rally NEUTRAL | Finish WINNER","Punto in risposta, rally count 6, profilo MEDIUM, momento NEUTRAL, pressione NEUTRAL. Pattern prevalente: Neutral return. Probabilità stimata: 34.1%.","neutral_return_build","J. Sinner","D. Medvedev","BNP Paribas Open","Clay","BO3","F","1","1","4","5","40","40","2026-04-17T17:47:44.194Z"
"sess_1776434270933_4751","3","10","179","0","ACE","","AGGRESSIVE","","SHORT","ATTACK_ME","NONE","WINNER","SERVE","SERVE_DOMINANT","2","0.64","0.41","0.61","0.69","0.4","1","0","0","0","0.37581005692481995","6","Safe return","Serve T | Rally ATTACK_ME | Finish WINNER","Punto in risposta, rally count 2, profilo SHORT, momento NEUTRAL, pressione GAME_POINT_FOR. Pattern prevalente: Safe return. Probabilità stimata: 37.6%.","return_safe","J. Sinner","D. Medvedev","BNP Paribas Open","Clay","BO3","F","1","1","4","5","40","Ad","2026-04-17T17:47:47.675Z"