{
  "is_player_on_serve": 0.3227670173205966,
  "score_pressure_index": 0.11212555545583332,
  "pct_return_points_won": 0.0851923999918035,
  "is_break_point": 0.08390951209850078,
  "momentum_trend": 0.0725042767077389,
  "is_game_point": 0.06831366455177972,
  "last_n_points_won_5": 0.06400242181214615,
  "pct_second_serve_points_won": 0.05538778850965117,
  "pct_first_serve_points_won": 0.034697995421392805,
  "pct_service_points_won": 0.019629378581511862,
  "serve_advantage": 0.018134636624891672,
  "second_serve_points_won_cum": 0.009404133864528682,
  "first_second_gap": 0.008901886752883444,
  "is_game_point_against": 0.007989927152514504,
  "return_points_won": 0.00747353205135825,
  "second_serve_points_played": 0.005420196160718439,
  "first_serve_points_won_cum": 0.005029796120844655,
  "first_serve_points_played": 0.0033658755261631616,
  "service_points_played": 0.0032665349941623798,
  "return_points_played": 0.0027003499613680888,
  "service_points_won": 0.002529128715177078,
  "ServeNumber": 0.0017143896891373606,
  "PointNumber": 0.0016306070636183101,
  "RallyCount": 0.0015348890736790637,
  "GameNo": 0.0013919270954124683,
  "SetNo": 0.00043599931948856176,
  "P1GamesWon": 0.0002767534261555713,
  "P2GamesWon": 0.00026942595694353435
}