{
  "momentum_trend": 0.2820647989131706,
  "last_n_points_won_5": 0.2578579196426695,
  "is_player_on_serve": 0.1446365041183163,
  "RallyCount": 0.10543534424183677,
  "is_game_point": 0.02994067198987695,
  "ServeNumber": 0.029380388645406614,
  "pct_service_points_won": 0.022067738612969623,
  "is_game_point_against": 0.021302190975537566,
  "score_pressure_index": 0.020960374502512605,
  "pct_return_points_won": 0.017810963104523476,
  "serve_advantage": 0.01710183680263559,
  "pct_first_serve_points_won": 0.005859838968036936,
  "service_points_won": 0.0057476949841317624,
  "service_points_played": 0.004761995536974608,
  "is_break_point": 0.004307333013350235,
  "return_points_won": 0.003939015239756919,
  "pct_second_serve_points_won": 0.0038734147783847333,
  "PointNumber": 0.0037014938601680294,
  "first_serve_points_played": 0.003182028158919297,
  "return_points_played": 0.003087989857390151,
  "first_second_gap": 0.002630221290984619,
  "first_serve_points_won_cum": 0.0023182894940971016,
  "GameNo": 0.002155282662152645,
  "second_serve_points_played": 0.002003724209865225,
  "second_serve_points_won_cum": 0.0015849280935578219,
  "P2GamesWon": 0.0010250226841896555,
  "P1GamesWon": 0.0010015903773438217,
  "SetNo": 0.0002614052412408355
}